"OSrXXb","rllt__details","yi40Hd","RDApEe","rllt__details 2","BI0Dve","if66xd","BI0Dve 2","YQ4gaf src","rllt__details 3","YQ4gaf src 2","uDyWh","rllt__details 4"
"Mimo fast food","· Restauration rapide","1,6","(5)","Alger Centre","Repas sur place","·","Vente à emporter","https://lh3.googleusercontent.com/gps-cs-s/AC9h4nqu8PczY5uyMsgJXK-jRXLo4fKOIZIjBDEImTnQOx3yM7JOjPJnKvhupTX4RJ2Vj4GD9JNoZ96jXIm1uQ47tbuMmow_CJRJdIxzXNwz28iKtHH2jKCVFKNVMifNtIMx6JL8Z1Qw=w90-h90-n-k-no","","","",""
"ROSTOM FOOD","· Restauration rapide","4,3","(3)","Ferroukhi","Repas sur place","·","Vente à emporter","https://www.google.com/maps/vt/data=4iKotGDgqoBP8ZBwCmZo8AwWpT9ZO9m8hVc6I-suhTgqbd-tq0yGYW4khuFgJyIgmo2PQfwtqTOd076nDd2Ej1qE8xrJFMLxnivKc3vrchxfLJnKcfsqlP0_nLyeR6FLg4pqrncqdpROh6dL_nwri5soyzQQZWTsopAjpfBAfCfHeQ","","","",""
"Malik El Kebda","·  · Restauration rapide","4,0","(337)","El Madania","","","","https://lh3.googleusercontent.com/gps-cs-s/AC9h4nqMr6qLglxXAmx7vvBEZV5NeNMy9STXQXQjIEkbpTqLuS79XuId6wgfEXyVsdvhueDN7ZntyRKjTKEQdYtF-fysQ5bAg8vhFpZdQukDcS3q8lfQj_byoZSlNGc3zjuYddondnNX=w90-h90-n-k-no","1–1 000 DA","https://ssl.gstatic.com/local/servicebusiness/default_user.png","""... begri, trop bonne, 5/5
Kebda poulet, bonne, 4/5
Service """,""
"Mc CooL BURGER","·  · Restaurant","3,9","(130)","Hydra","","","","https://lh3.googleusercontent.com/gps-cs-s/AC9h4nox-U3UNhprfY4RocadlDWKmIZpKjl-x6Q1tunw6aoRuGqGsJajH6SJgL834l_E_oLBldI2WQ5L2LVq0yAelHpbQjqcmA9dg65WW1L53JVDZw6JfdQMUtf06N2syNsMkZTp82w=w90-h90-n-k-no","1–1 000 DA","https://ssl.gstatic.com/local/servicebusiness/default_user.png","""Des très bons burgers et excellentes frites""",""
"fast food chez krimo (bouhala)","· Restauration rapide","","","Oued Koriche","Repas sur place","·","Vente à emporter","https://lh3.googleusercontent.com/gps-cs-s/AC9h4nqN8QMO10BJb2mp3z-pH4bglICguCrXdOJOEYIqJfDuEjpdeulz4xh6senSvdpLWb_Zf013IhDVwX1C8ug-jYbtC-wis0ykv88pcw4IVZ2MYdgx767taCusG8IjJqED3uo3FI0l=w90-h90-n-k-no","","","","Aucun avis"
"Pizzeria chawerma","· Restauration rapide","3,0","(3)","Q364+FCF","Repas sur place","·","Vente à emporter","https://www.google.com/maps/vt/data=MmvN9s2G1K2LtF8gwesa5HSZzg1oKywFImB4dpWkXy4ITFkQ5dvpg4hT4U0kSVQExV5UKca0iGKQCfU9Kyw1nbHnG3_T6qfk3zLdJAdGsHnsiNP6w0WDXZkR2uqv1lavlvsA1BRIKzu2zM6aTFet-j785lQaslGeZ44acEa4wbJA6A","","","",""
"Jardina coffee","· Restauration rapide","4,7","(13)","Hydra","","","","https://lh3.googleusercontent.com/gps-cs-s/AC9h4npWYOCe5YQ3gxqWUxcZx2L-8uJXGwYe7OTVshPFftrH_AWQX1Ze04p7JJ-N6XaRW4v_0d9BQ4-A_dgkAjouvqk75ngcMjibBW8LaXid1RnyT_T_upwp92HftPKBtl4bFK5681Q=w90-h90-n-k-no","","https://ssl.gstatic.com/local/servicebusiness/default_user.png","""Prenez la crêpe au Nutella elle est très bonne!""",""
"Restaurant El Walima Alger","·  · Restaurant algérien","4,5","(177)","Sidi M'Hamed","","","","https://lh3.googleusercontent.com/gps-cs-s/AC9h4noGtr539GCY1VWL_zK9d6oVLQmLIQqS1licSz60TQKTneK4td4-G5uhQCVvUpD5zum6ZLZu6t39Eh87W1R4GPc0H9gggd1XqFwDkImBLQfImS0_SSAiGdY-RdBNP5ausoxFLSo-=w90-h90-n-k-no","1 000–2 000 DA","https://ssl.gstatic.com/local/servicebusiness/default_user.png","""Plats délicieux, ambiance chaleureuse et service très agréable.""",""
"Mexicain","· Restauration rapide","5,0","(2)","Bir Mourad Raïs","Repas sur place","·","Vente à emporter","https://lh3.googleusercontent.com/gps-cs-s/AC9h4nqUSzjnrbCmtY8-XDdCd0zduiCXtpku8iOCJcH7Tvwfw156Bt1-XQInIAcXdtFZY10EGHwczx7_jcLIj1GhDMejDssVQ00dhVXcRq52c8bc2HbNHKz5dCWY8ATUcvyeb49nSIAufg=w90-h90-n-k-no","","","",""
"zaki fast food","· Restauration rapide","3,0","(2)","Rue Youghourta","Repas sur place","·","Vente à emporter","https://www.google.com/maps/vt/data=RwIvZmwaDchwxgyUGOcIPZObd6Pr_DT73YMFWI1GfSumZEd52jJGsECpLrixarAyUvIACbsOXUJreVrrOw6h70V3CWIJeJW_ZYk9n1QrnWObf7RgHqS8bvyX7eY_2A5FpvMgknXiQi_rhTy-Nrn6zQdVllMUUNhCmt9RPfM6bg8Vrg","","","",""
"Salad box val hydra","·  · Restaurant","4,1","(107)","El Biar","","","","https://lh3.googleusercontent.com/p/AF1QipOh1AZJoO3eZLyyNpI9u2o6ug_tnpRrQQ94emrR=w90-h90-n-k-no","1 000–2 000 DA","https://ssl.gstatic.com/local/servicebusiness/default_user.png","""Très bonne variations et un excellent service""",""
"Pizzeria Nevada food","·  · Restauration rapide","3,9","(14)","Belouizdad","","","","https://lh3.googleusercontent.com/gps-cs-s/AC9h4nqd7dMSyAu6M6OYI0XKubNSkqrs1j3ikvVEq85IVRP03j0SFKaF_iFm3joeKnYGZ8WFVrZmO5gi_zNkCvs4Mxr7MrNS7mSwaV2TRkVF06GqYQ_G7XKZQyIXe5ob8FN2zEmmQVwJBA=w90-h90-n-k-no","1–1 000 DA","https://ssl.gstatic.com/local/servicebusiness/default_user.png","""Les prix se situent entre 400 et 500 dzd selon la pizza.""",""
"El fenomeno pasta & pizza","· Restauration rapide","3,8","(5)","Bir Mourad Raïs","Repas sur place","·","Vente à emporter","https://lh3.googleusercontent.com/gps-cs-s/AC9h4nrv56_9jk9oyvnZQiGEXLfsxO3gWRTQraDRO3VGXNJ5wD7QEj_e1Eo-uoaeK1fnUICg-7aY5RIzwIVVRqnKehrSBIHnnTS_alM7mOgcXPeDcb6XZTEw5oNQ7CMqlUU1DjKFZRo=w90-h90-n-k-no","","","",""
"Kamels Fried Chicken","· Restauration rapide","2,6","(10)","Réghaïa","Repas sur place","·","Vente à emporter","https://www.google.com/maps/vt/data=dcsm5vo_NNqfuBayTIud-dRhwUkW4uOOFGjkSOpq71vogxiLuH1tW1xOIVAR9PVua5xW-y_o50w3m6LUT6OfYXZGKaH1mFVD2FqWZioxQBIwI08tpoewf2l2gFeYUVrOY6go6qImkc3Jf11MRK1kfrc8ZzLXoDiSq4Vy8gnBJZaprw","","","",""
"Le J c’est le chef","·  · Restauration rapide","4,0","(63)","Bir Mourad Raïs","","","","https://www.google.com/maps/vt/data=4VBUYxnU5INVzqkYDYiQ-qoONCUvuB8f-fWfFPilAU-cojFheknTpg1ntGBMRtf3nRzf8bYiDqwB7LkFWBupYWJj1qddWhmhQ7yk0ygTyPbAgL4U3sKlD_D7vV1PEK0gyxZcXwVw_--9LSHBGyOkLmEWXuddZxJOeuM-gFgXeKIAhg","1–1 000 DA","https://ssl.gstatic.com/local/servicebusiness/default_user.png","""Très bon , service  et propre , bonne continuation""",""
"LE PHOENIX","· Restauration rapide","3,6","(10)","Sidi M'Hamed","Repas sur place","·","Vente à emporter","https://lh3.googleusercontent.com/gps-cs-s/AC9h4nrOtDuGAkkAQf_USgDubl6RH9Wn7Nhy0imEN3KHFdZM9rN1gbLoO2eZn2_9_0iOmMpjeavcOTsfEItnPp2Vc2E-rBZd7SwQmiTJWJBSwhPFwggsS9lc_8IPRJo0JXZH4W3JAKS5rQ=w90-h90-n-k-no","","","",""
"Dwiko's pizza","·  · Restauration rapide","4,5","(23)","Birkhadem","","","","https://lh3.googleusercontent.com/gps-cs-s/AC9h4nqylBRVI5aW2V14du1w5rSPzVcC2K6FK9KBnxCJ2OzhlH33Y5sm7VNGxxiPZCCTUJ3qoXroN5EZ7rz4OOGe2BYvbldEKEQlqelTWDAvCzbDmKNi0yXXYCgGc9-XnBbi8ZttIOY=w90-h90-n-k-no","1–1 000 DA","https://ssl.gstatic.com/local/servicebusiness/default_user.png","""Il fait de tres bonne pizza avec des ingrédients de qualité""",""
"Fast food hadjou","· Restauration rapide","5,0","(1)","Bir Mourad Raïs","Repas sur place","·","Vente à emporter","https://lh3.googleusercontent.com/gps-cs-s/AC9h4nqJ5xqxrvutrNHG-qY3O-DSaK7ROpd0Ey85IxMDBMroFQHZGxjVJKBwpR2x0t5HtTcaUBpk1KKSAAbKcgYB8vdp6oBD1Nr89UaAo2fGrG9DOQkjEn2q7hteDMGEjyD8fGPiZQ4=w90-h90-n-k-no","","","",""
"FastFood London City","· Restauration rapide","2,6","(7)","benbouali","Repas sur place","·","Vente à emporter","https://lh3.googleusercontent.com/gps-cs-s/AC9h4noRbMQaXqd_gpcwvIfFv48ITx8Vyb-8TiIHIBhlQ6Ue3sIYNFndaQuAkwBJ7WU18S_ObFRAyNQJW6VK418msK-StBi2RhPHaDFZTwLeFYVjGjpQoPkRS1HBDNyTWc06AMuvbBsqww=w90-h90-n-k-no","","","",""
"Chicken Street","· Restauration rapide","3,7","(66)","Draria","","","","https://lh3.googleusercontent.com/gps-cs-s/AC9h4nrmZuTS00BNOR80KNRreiKXK9klSM0aS2dhSB70lMPUFf8lNQIMgpqPHXLCTw4xtOLGGB88qhCm-62OAdEx6nUPhd45Y__EkITdNEoDgOQwVZHLscMKT1ukVEP876Dq1CtxI4P3=w90-h90-n-k-no","","https://ssl.gstatic.com/local/servicebusiness/default_user.png","""Très bon fast-food,  et service impeccable et serveurs sympathiques""",""
"","","","","","","","","","","","",""
"DZ TACOS","·  · Restaurant","3,8","(124)","Kouba","","","","https://lh3.googleusercontent.com/gps-cs-s/AC9h4no6rdhcJl7b066QDNBum6BS3agVF-Za6PrgmlZ7V0AGg-bE1Fh7iOURi1yqncJeBFEdGsJmq8o7uH_FOZMp88h_N67iyTm1LSQV_yye0_0qDmwtWokm4u-VOxMp334BvZXb6gYR=w90-h90-n-k-no","1–1 000 DA","https://ssl.gstatic.com/local/servicebusiness/default_user.png","""Très bonne cuisine, personnel attentionné, je recommande vivement""",""
"Friendzone","·  · Restauration rapide","4,3","(30)","Kouba","","","","https://lh3.googleusercontent.com/gps-cs-s/AC9h4nqRTnl4Q1tPvaW0jUVJl1fhQkkgXc6aUByfbW8hruOAdMzwOZ-Vc-n4EXu0eVgggecp0Lj6lJserfv3XaXHahfOprFiG7vazsBvOfSIXPctlu3MD2tbnUVP4YYoi_kqoyVjahp6=w90-h90-n-k-no","1–1 000 DA","https://ssl.gstatic.com/local/servicebusiness/default_user.png","""Super deco par contre, mais la qualité des plats doit être améliorée""",""
"Complet Viande -Chez Mustapha-","· Restauration rapide","5,0","(2)","Bab El Oued","Repas sur place","·","Vente à emporter","https://www.google.com/maps/vt/data=vgRIZ22x1VnLlrS6MNBMYtWk4fhCRYQG3Kw_Ad7_3_6Fdx6hi7nyPhsMRrq-PQO7umka2Ddw-tf3MQ32fgRuWA-ytQ0XVp8LFY8Q9ZJpqwEWhfAapMS9EZy4JegNd9233Hy59ilnO_Znq1EEDjrW9jQ2frlVFbKsTO_oKhdxQujBoQ","","","",""
"Le S food","· Restauration rapide","5,0","(1)","Bir Mourad Raïs","","","","https://www.google.com/maps/vt/data=h2rZBSOR2_sqKFpJuC5Ea3OuMEsvc54pZVNC0XsMCTbEXlCdXdmeBXJSGvmxSvN50WkNHxmFV2EUCcBGcByMFMXR7Vy-5NEQZltBTTJfBx0wXxWfxmD-sM18Wsu_xCjo1nc_J9TKOF9qAgr_v9fe2rA1e8Xt8WpQjAVSwGZanlzR6w","","","",""
"Fast-food chez walid","· Restauration rapide","5,0","(1)","Diaar es saada en face la toure Alger","Repas sur place","·","Vente à emporter","https://www.google.com/maps/vt/data=kUvdpq3AhvAkETUCA384ps2qcfQoL_mkD2Ui4Gc3T8acGI2myELRpnzZFp31jvl1uxzv5TpilMiLsBxPBXkbpntWxSHPtExyedoxgp_V9QTg4McyD1Jt_vc_um1XjdlfxrMo-TLwm3H1jhnLTf_Yke5mHlDSu2A0DsMLhPcxkPrW5A","","","",""
"Big Big","· Restauration rapide","4,3","(3)","Bab El Oued","","","","https://lh3.googleusercontent.com/gps-cs-s/AC9h4npw5JW_3vHMaJns_HyR2WTJbuMP4VaiZDpYquwN2sdU7yFOpT3lbSp7R0BNSaXxwKfxqRK2M4ByOk-icdB_lNfUYoAdErdKyTMkZ-wqtiZdVfuUX0cJts0_I1SelexUbI8eMFOV=w90-h90-n-k-no","","https://ssl.gstatic.com/local/servicebusiness/default_user.png","""Service  et de qualité.""",""
"House Of tacos","·  · Restauration rapide","4,1","(14)","Kouba","","","","https://lh3.googleusercontent.com/p/AF1QipMcyNGPGiM_iha6rzXDy9aeTymiOTAIho10Mg0X=w90-h90-n-k-no","1–1 000 DA","https://ssl.gstatic.com/local/servicebusiness/default_user.png","""Meilleur qualité et bon service 🫡""",""
"Café restaurant rapide","· Restaurant","4,0","(3)","Ben Aknoun","Repas sur place","·","Vente à emporter","https://lh3.googleusercontent.com/gps-cs-s/AC9h4npl3BfV-uOSjuVG6YufzvtHICPsWs38awqbQOPUql5Hp_okOZIr4OlqsxMuDZw7ICg6S_cPwpb-9LcCV6jbcLHx8TVCCKIygOQfC8gnoCCHb46jPl522orYVP0cl4fUVRV18MF4=w90-h90-n-k-no","","","",""
"Senfood","· Restauration rapide","","","Sidi M'Hamed","Repas sur place","·","Vente à emporter","https://www.google.com/maps/vt/data=1jHEYz0lZcvPHN8KWTLbfx-FjwNgdiMQYka0HOj8P9prvJ1-x0EEzwcZuSOdn61vzz7IVhYf8gjQ68d0agCDJx9FWBp3BQzJjWlWR0Sv1YjXD-YwFkmb8COrZs569bRBUzhVQhgPt0HZh35AY8GNXEU1ZUeAbidtxDkv8bbdP0k7IQ","","","","Aucun avis"
"دبيح شريف","· Restauration rapide","5,0","(2)","Alger Centre","Repas sur place","","","https://www.google.com/maps/vt/data=MYSd87HVTDdTO3Ihozo6-BjUrEh2PNxAGAW8W8HSA3WwRXpRLN9WQPUAwwksuEC-qLu07EkV4j9iQRLKkd-1qqUB0XeHqod5zknxtPDUqdx6epR3PS-zyjojA78EeTJYtirqdQf6QA_xf6F9Zs1ZVNMqqwn-8FD9mXL0TXnyNLqjNg","","","",""
"AADL Les bananiers","·  · Restauration rapide","4,2","(744)","Mohammadia","","","","https://lh3.googleusercontent.com/p/AF1QipNclu0a47zNUJD4Wb8FNkCuPTxx1oWRZ47mMT4l=w90-h90-n-k-no","1–1 000 DA","https://ssl.gstatic.com/local/servicebusiness/default_user.png","""Le lieu de travail est bien rangé et propre et la nourriture est délicieuse""",""
"Havana pizza","· Restauration rapide","3,2","(19)","Bir Mourad Raïs","","","","https://lh3.googleusercontent.com/gps-cs-s/AC9h4nowNkm_Zd8EkRIJbG0097nOb2Bf-HkNtsFoRYu-kVAwAcXAWil_8PLJPwHBjmUg-MRBNIYFRV4fURfoqmrOGOnv4svJ7zTBRqypo01bhHl9_tBgGLnJxR_QC7Gusv4dCR2hfHE=w90-h90-n-k-no","","https://ssl.gstatic.com/local/servicebusiness/default_user.png","""J'ai testé leur crêpes crousstiantes.""",""
"🇧🇬 Pizza carré 20 da 🇮🇹","· Restauration rapide","4,5","(2)","Sidi M'Hamed","Vente à emporter","","","https://lh3.googleusercontent.com/gps-cs-s/AC9h4nqfbS9D4SpKS9sZUZFp_Uo5_l963dEBWKN3jc3U1cesAvMSOTOhJnZHtw9bh2B0rp065V4E-PUWREuUmeZazevcxkYTm5Zdm8T9qMa-uAo2q2zaD0IGpj1UixTAsq3rLRGVQ4Y=w90-h90-n-k-no","","","",""
"Tropico food (Samir)","· Restauration rapide","4,0","(2)","Bouzareah","","","","https://www.google.com/maps/vt/data=G_s91wM73MiR98W5Fi_j9TPPI-v7k5sHExvNLaLNbAJUj_Ap24nF7fEZ4agR7dsNdGDkoKSmP4JAMDLhu5ThqzIlHoH6OiUZd-mOaOntwqBFJLNL1JSZh3q8R4Swb7trul1YpLIWHgTYGpnV-P05rsqWhvAFtHBNgSJbG6TgZrTh6g","","https://ssl.gstatic.com/local/servicebusiness/default_user.png","""Jolie, abordable cheeze""",""
"MARSHMELLOWFOOD","· Restauration rapide","1,0","(2)","Hydra","Repas sur place","·","Vente à emporter","https://lh3.googleusercontent.com/gps-cs-s/AC9h4nqmaLTtUFaVKqX6madWyrVSqsTp3RQWMDncVMbumFXWHzljO2T90uDoGLqsNpeGzpQErQec-rrRzSiXaqdmS_SKRVbRNi5i6O1uqhzev18bRd-vwiZJDsZDUzOi8X-SOLli_rEW=w90-h90-n-k-no","","","",""
"Garantita Zabadi","·  · Restauration rapide","4,2","(44)","El Madania","","","","https://lh3.googleusercontent.com/gps-cs-s/AC9h4nrEgNTnZuW4WaevCToiN1OTgFG9zCck0N_cecmX_Yqgg62f4AhximcLImOqt_oLOnFVZwtgu3AQz7J9RM9FZvFtGTTp1S5aRDg3W5H65y8aDH6z4cVjXKW6_nnKVNhMPbowABDD=w90-h90-n-k-no","1–1 000 DA","https://ssl.gstatic.com/local/servicebusiness/default_user.png","""Un tout petit fast food a proximité de l'apc d'el madania.""",""
"Restaurant Couzina","·  · Restaurant","4,2","(157)","Hydra","","","","https://lh3.googleusercontent.com/gps-cs-s/AC9h4nrf8epVMW1gmO47ceXmxkpN67Ja1ljU0Q5bfq_Kqacl4Tf87BqLSWrLBZAPakUtjw4-5yHz8EWY7Ku7-NkgWM5ezTVh33rsqDYo6BS8DL2NM1ZCd3DqiQFLuSCJUvPrjAvYmVuHvw=w90-h90-n-k-no","1 000–2 000 DA","https://ssl.gstatic.com/local/servicebusiness/default_user.png","""des vrais plats cuisinés avec amour et servi avec générosité.""",""
"Sandwicherie et Cafétéria","· Restauration rapide","4,3","(3)","Hydra","","","","https://lh3.googleusercontent.com/gps-cs-s/AC9h4noUFXd6Gim2PoOqudJEhBLg2EwaQ-O-VEhVmLEv0Ph2xUogEdU1GBgMoUN2X9opPE19w3gKgRofoQCGQZMINehYzYP8iUxyPTFD7sfj4_aE3YCGqKoHYZfFLy5HIr7XL4sf499k=w90-h90-n-k-no","","https://ssl.gstatic.com/local/servicebusiness/default_user.png","""Très bon accueil surtout le cassier on dirait t'es à Paris""",""
"Chez habib","·  · Restauration rapide","3,2","(9)","Belouizdad","","","","https://lh3.googleusercontent.com/gps-cs-s/AC9h4noxjXrTiywa92AebUizYpnKdNKotzvkU7qkCJjcXVBa40jHrCaT-kVpioiFIPrHmC2Rrdi7T9bpQP-LH7hNXhIOtj2ftHCbbpgJZCv-Q6cqNKIBbNpskYhjEyHejV29JRaPPTgzcQ=w90-h90-n-k-no","1–1 000 DA","https://ssl.gstatic.com/local/servicebusiness/default_user.png","""Pas mal du tout""",""
"fast food Morsi","· Restaurant","3,0","(3)","Alger Centre","","","","https://lh3.googleusercontent.com/p/AF1QipNbsZAyplHTp2tANEWow_XarMER-SaNWe7W1puU=w90-h90-n-k-no","","https://ssl.gstatic.com/local/servicebusiness/default_user.png","""Service parfait masha’allah""",""
"اكل سريع مايوركا","· Restauration rapide","3,0","(2)","Sidi M'Hamed","Repas sur place","·","Vente à emporter","https://lh3.googleusercontent.com/gps-cs-s/AC9h4nr4Km5rDsOdElE5O-Qb0tTg0qdzDYCslq3rmvS-zD-pdq-cp6Dvu7TQt5cSRGPzvr7PBMQ3Ekc0ugy7y4u1TzQ63bcGuc8Nzb-lNEl2FGn6jy7Et7r5ytQ_aa-vKGCzZs9qqkhF=w90-h90-n-k-no","","","",""
"FAST FOOD ""EL MEKTOUB""","· Restauration rapide","","","Sidi M'Hamed","Repas sur place","·","Vente à emporter","https://www.google.com/maps/vt/data=Db1I7982n-4L6hrtYB-Q9AwVkAm3QeFj-O5hX_4Ro4zauXh23tFqby0xvG_YzsdDxWP30J_TdP_QlzKXb7VZvzGu7vvKxI3DkZlNsDO78Y--8v3-fr1PwMLR4L2eXd8F3NH8br81fGvxWZr9pDhJsg0xE3AkAXcLI9aDsUd8ux5WrQ","","","","Aucun avis"
"MY PLACE food & coffee","·  · Restauration rapide","4,1","(121)","Kouba","","","","https://lh3.googleusercontent.com/p/AF1QipOHcMkZ2cbnUMK5iuWLyd93t0X5d--8n2lzi24y=w90-h90-n-k-no","1–1 000 DA","https://ssl.gstatic.com/local/servicebusiness/default_user.png","""La pizza est assez bonne avec des prix impattables.""",""
"WOPPER FOOD","· Restauration rapide","4,0","(11)","Bir Mourad Raïs","Repas sur place","·","Vente à emporter","https://lh3.googleusercontent.com/gps-cs-s/AC9h4npf-deGLEA1y9uqC8wPbeZrWSwjVinRwqLmRx6wI5dlmwygNuUvrerKWT64qXF57_bQw12HCbDe_O7fBrD0bTH_AuYwxartLZOwEvwzqOk-j5mFOYOvp-61TKwnwJAB9GWVBrc=w90-h90-n-k-no","⋅ Ouvre à 17:00","","",""
"El mendoza","· Restauration rapide","3,0","(7)","Alger Centre","","","","https://lh3.googleusercontent.com/gps-cs-s/AC9h4noEu_CLsUVV-osQB_eY4uu2pbihkEIF0I6llzMWaMR0UuYUWr1-7Zi1tlKZaamnSPw5TIay4-3CNaJQ6j9m5-DFzTqmNwqb5jLBEox0AdSgGzfAFNLGkiGM6aa_DxAZcrl2yvGG=w90-h90-n-k-no","","https://ssl.gstatic.com/local/servicebusiness/default_user.png","""endroit très sympa et agréable en plein centre d Alger""",""
"MZ lunch","· Restauration rapide","5,0","(4)","El Mouradia","","","","https://lh3.googleusercontent.com/gps-cs-s/AC9h4nqerFs7gjKNMglk3n9Ph4VtGzLbxHNTc7tAZ30PyclZIDlYyZCCgc4dbNShHvxx_Jpx4_Y9V-S7Bv39ECXYe3rV5xPuLzrOFqGhDaTgxuQ2_GZsQSxUTHq94QVEh8M2McQBM0h5AQ=w90-h90-n-k-no","","https://ssl.gstatic.com/local/servicebusiness/default_user.png","""Excellent snak, jeunes très gentils, serviables.""",""
"crispy food","· Restauration rapide","3,5","(2)","Bir Mourad Raïs","Repas sur place","·","Vente à emporter","https://lh3.googleusercontent.com/gps-cs-s/AC9h4npunm7P5DusUQjCRicFyfwtEEwI7ZUbwhEN__rH0nP_-GcQSyAvSijAN5VWOpVn2ocOiPFRFGmhg8yulBs9p-ZWnJWIqlltAZrSVrIzn8utTP4NqczwdtcdA3adVphX1rp7EzG44g=w90-h90-n-k-no","⋅ Ouvre à 00:00 mer.","","",""
"FasTfood","· Restaurant","4,4","(5)","Draria","Repas sur place","·","Service de drive","https://www.google.com/maps/vt/data=Jw89qnk-ptWAZLmDNsN_6M3h6QB0xFVJ0gKxxD5NiWdPDDcm0OVrHnHBpvymp2M0nRPNhwwIjXD4ufZmzHh30oWkBb0wDLJe6LeT__b2iVNUw4vZZSdugAKfmNXslwuY5TmCVSYcg1zSYviS7XWMsm6SOTs1DlneG70ORzo-eq08VQ","","","",""
"Houcine Kabadi","· Restauration rapide","4,6","(7)","Sidi M'Hamed","Repas sur place","·","Vente à emporter","https://lh3.googleusercontent.com/gps-cs-s/AC9h4nqtZJGOvMDvd5S__SZao6Natn4JMoO10OZ5wW8rj5AiNTUt9DD4X_e5VT2gGGZDC2T485_s-TIqi0FfnXdCpdS9u6G0xsvTtbRGQOKtM-v_-1fQT9T-WCl8CLFagWlsE5kjx8rT=w90-h90-n-k-no","","","",""
"Fast food tatou","· Restauration rapide","4,0","(4)","Ben Aknoun","","","","https://lh3.googleusercontent.com/gps-cs-s/AC9h4npBnBKMQ4sRKCSGP8zal7J3goCzy7mf7FTPIdyVaFhcutK6xNFeilVIg8kBzw4HBIIDgPT_vkQZ0VybHOb6IrrRUhUgwCgZN_OOKhf6LiIEASFKOxnHfEE08OERNIMdYmLLtHB0TQ=w90-h90-n-k-no","","https://ssl.gstatic.com/local/servicebusiness/default_user.png","""très bon accueil très bon service tres bons plats""",""
"O'Tacos - Cheraga","·  · Restauration rapide","3,3","(610)","Chéraga","","","","https://lh3.googleusercontent.com/gps-cs-s/AC9h4npLR0xmv5nuaPqK63bOo_REfZigPDBf55kBb8RJQVTeo_fEx8AuFKWb7yZQ9KIpzmj5q4wjfwr2dSNsPvucfcbRMqsAywLzTy9W33BrxnUxBp_LTLYOYeSkZ20oVxqGHQcSTlk=w90-h90-n-k-no","1–1 000 DA","https://ssl.gstatic.com/local/servicebusiness/default_user.png","""Très bon fast food, service , ingredients de qualité.""",""
"American Burger Factory","·  · Restauration rapide","3,9","(2 k)","Kouba","","","","https://lh3.googleusercontent.com/gps-cs-s/AC9h4nqV3HW3tFvDtgHpr2sl6hhZDUl8Tb2Gs5RfojwwHtq81tMm1Ttlu_GqDiCsNxpCasqyZly0Rtoif2F9cEdT4yeMoOALK5azJe2snz369P-zxP5d0NeAv-6tUAA6TRr4jQLNN6d6=w90-h90-n-k-no","1–1 000 DA","https://ssl.gstatic.com/local/servicebusiness/default_user.png","""Le service été très  14 min exactement entre commande et service.""",""
"Agora Café Hydra","· Cafétéria","5,0","(1)","Hydra","Repas sur place","·","Vente à emporter","https://lh3.googleusercontent.com/p/AF1QipMCcxVgexIDMJUKQ0bPpXzF9VjE3NSIBF9HqHbZ=w90-h90-n-k-no","","","",""
"Chez Toufik kebda","· Hamburger","4,0","(8)","Alger Centre","","","","https://lh3.googleusercontent.com/gps-cs-s/AC9h4noUSZWYpkJ2o4V4_Tp4jPic-An5qUOyUNWSMHOiyGJz3Gf9ey0ncCJURwKJkdUrBUWE9wSiqvJxdWM2j38C6QVs4x0bXPkCXkyJnTQLFjSTzp5scjgrFIm4VZWH8IY8z5aP92KhRQ=w90-h90-n-k-no","⋅ Ouvre à 11:00 dim.","https://ssl.gstatic.com/local/servicebusiness/default_user.png","""Bon et bon et bon
Kebda fort""",""
"Kiosque PIZZA - Ami Abdellah","· Restauration rapide","4,0","(4)","Sidi M'Hamed","","","","https://lh3.googleusercontent.com/gps-cs-s/AC9h4noa3Uxy8dHBZ4qYhkUg0Wt1mPLHzZtN35a3_dGFHoQduInOORNrsfjERjlDQGjSSTQ73jfSnn6ZYGK4p_EkYjumNzm2mYuKxvIBtCgxOIfu2G-z_HcI8H1e_iBs50wbWOi1ATpB=w90-h90-n-k-no","","https://ssl.gstatic.com/local/servicebusiness/default_user.png","""J'ai mangé en en l'an 2000, c'était bon.""",""
"The Brunch Box","·  · Brunch","3,8","(34)","Coopérative El Afak","","","","https://lh3.googleusercontent.com/p/AF1QipOr8W5_tEByU9lej0ZWw18qe5MItFzGdJ0pYp5F=w90-h90-n-k-no","3 000–4 000 DA","https://ssl.gstatic.com/local/servicebusiness/default_user.png","""Bonne continuation et à bientôt !""
Cuisine : 5/5  |  Service : 5/""",""
"El Benna fast food","· Restauration rapide","4,0","(1)","Hydra","Repas sur place","·","Vente à emporter","https://www.google.com/maps/vt/data=cvrZTA7CNwYdeW909RCYtMaOomnJU1KYqsNi4i1pihE3GkP6w3eLspt6bG76agXWez8SlDiB505kOFFUi8zEw4JE6txkWvqZOfSTcTAg3ESD-73ATfodMTkAfJuHibs_kztWqDEH0p2cdbhFPxNg_kqyBpAaqasm4d_EJhrDJjOa3A","","","",""
"Fast food alger","· Pizza","3,0","(1)","El Madania","Repas sur place","·","Vente à emporter","https://www.google.com/maps/vt/data=u18gKBOC4EArPeAlXbd6oTJlY1aHJRRsZ7Sg07YrkQl-a8d_wNnBoYsCp56T1ig2-Ac_aPa-yh82vEy2GaaYwGvq2i70mEXJaoEWUtrzFcL9ME0-gmuXaK2BYoCI2uPJ4ISqAzC2lkB5nus4zoyE1k_3xChCZhLlo4G6WDXzEPQMuA","","","",""
"Spécialité kebda","· Restauration rapide","3,1","(10)","Casbah","Repas sur place","·","Vente à emporter","https://lh3.googleusercontent.com/gps-cs-s/AC9h4no5t0LwKwXzYYEOc_DTUT0z_LrdnHWMVgMEJcApneYlB8La1sASb6TQEnQZDkFPVSHgPEbPo4AlZ9oZGBxjIn25hXujsSta-W0Rc8rFXpJzx_RHDqBFa77AuKA544tjtNtviF3f=w90-h90-n-k-no","","","",""
"La terrasse","·  · Restauration rapide","4,7","(3)","El Madania","","","","https://lh3.googleusercontent.com/gps-cs-s/AC9h4nr0JTW33xHZtW0fB2KozMs_H5rGlL5Si0_LGBuc3u7swt1mgp4318z5EvnemLTA1f77dGqtcem-FQEK8v2aHI38k51Bcsb_ntVcwfhORp7A4INz6JghtAuwRDmj_8I5r0Xw7I2F=w90-h90-n-k-no","1–1 000 DA","https://ssl.gstatic.com/local/servicebusiness/default_user.png","""Prix abordable, environ 400da la pizza.""",""
"أكل سريع","· Restauration rapide","","","Belouizdad","","","","https://lh3.googleusercontent.com/gps-cs-s/AC9h4nrUnU0CSOQSG9v4hAQcyMl36vyugpdxR9MjBdXCgKC9acCIe8_Bendi_SJmxfDJtCOwHcxScCi2EAI2vyCxgAB0EtgUuO-GmM7D9IzKN3380Cdx20xrYqRmha7rglRH6kOR4a53hA=w90-h90-n-k-no","Aucun avis","","",""
"Next burger","·  · Restauration rapide","3,5","(26)","Mohammadia","","","","https://lh3.googleusercontent.com/gps-cs-s/AC9h4npHAvYmxRsHNeerIx4QGOF3b97lIfbkMdZjcXweVMLgSfkZVaqnIvXvuftifz_79lguzTZ2HfUj2d1UFGEGuQq17_oWSowqKcWdLtn5YOXSZxYvO3gcYoWwHgF7aDK3vHaJcAjf=w90-h90-n-k-no","1–1 000 DA","https://ssl.gstatic.com/local/servicebusiness/default_user.png","""Sympa comme fast food""",""
"Fast Food","· Restaurant","1,0","(1)","Alger Centre","Repas sur place","·","Vente à emporter","https://www.google.com/maps/vt/data=SfukTEl8EXSpkVDYuRE2FPwLMhNjrSeC1Te7C5SGz5V3i9nG6dd9Upz62KYpeo_FOJaz35QIr3qOfLj6LujUzICSTnIugVmDZBePoXPnlCPtUVV6zLZYF5wwTNtMvDaaNa0OZjj4xzLvQ-ycnlMic117Hod6cMTxwxuct1nSgApm2w","","","",""
"Gratino","· Restauration rapide","5,0","(1)","Belouizdad","Repas sur place","·","Vente à emporter","https://www.google.com/maps/vt/data=7CR853oGXhp0jnO-YGDuH3NDFZHjS7pZtoqXs_8nBpAX4vkFRU0TiYVWbY6PhS3Y41dlO_Owd9y9rIKwnT7Y7MZMGXkjKlfARoUq6BT9SwqDEIQkbtqcqWbm5a5ogDfgc9v-4Xqu-3odlv6JLhpngRdVe0iPdU-g0rEvAfrLdeBCNA","","","",""
"كبادي","·  · Restauration rapide","3,1","(16)","Bir Mourad Raïs","","","","https://lh3.googleusercontent.com/gps-cs-s/AC9h4npzcx5mp03wIaeUpIxjGddoTBhlW8t3yfIHnq8JlEEcuyY2x0jYw4lp1pWE_rdZjXThafsFziTGCQGhogvTBNYoRmYJrMtGZHG6oAZ2RH5kBBk8wpctY5u8Gt37dEoMUvkKUGG27w=w90-h90-n-k-no","1–1 000 DA","https://ssl.gstatic.com/local/servicebusiness/default_user.png","""Meilleurs kebda f alger""","⋅ Ouvre à 18:00"
"Chwa prince","· Restauration rapide","5,0","(1)","Hydra","Repas sur place","·","Vente à emporter","https://www.google.com/maps/vt/data=HiaAzvghdeRHhmiMu0LPlupzViJjrwZcDMT7CPPZboVcCpiK7TpQZfPRxXTPgjMvgIrz0lX760oNoe1_Qi4bkjViDP5Duq5xn69Nx8ynuVy3SsasW33iGsjs8Lq_qQwPRf8sFa3affv9UWtGJT_n1CdivKjyuWQtTdNVt7P28noQDA","","","",""
"L’ENTRACTE BIR MOURAD RAIS","· Restauration rapide","5,0","(7)","Bir Mourad Raïs","Repas sur place","·","Vente à emporter","https://lh3.googleusercontent.com/p/AF1QipO97cFtbJ4Wi9GU120-2zLQ7AGWn6zRkTNykG65=w90-h90-n-k-no","","","",""
"Le Claridge","· Restauration rapide","2,0","(2)","Alger Centre","Repas sur place","·","Service de drive","https://lh3.googleusercontent.com/gps-cs-s/AC9h4nqGVPpcSMT82d39z6O1zygyz8BNtTCyWwu27ikXAiUnfFuL0efN0Q_U7N0LKRd2DZPa7sbQzSF6yvoSMN0sb_uiTd6uZD4RjUm-oqFo_BsjVtcut7TZgsfFyNUmz2L76bRNhoQF=w90-h90-n-k-no","","","",""
"The seed crill","· Restauration rapide","4,0","(1)","Bab El Oued","Repas sur place","·","Vente à emporter","https://lh3.googleusercontent.com/gps-cs-s/AC9h4nrTPyvuVnEAuCNHEeVIsKhewidvFgAu9q_3oxsEvGPMW4CLozAEZPtJl3trFsBjvpfQZRAvKR-bxJi_sSEMiTseoujzQI2fsp91eruDfRvW3McUJ92k8hkhnXFMPpPFCu3SPLXU=w90-h90-n-k-no","","","",""
"MS food","·  · Restaurant","4,3","(84)","Mohammadia","","","","https://lh3.googleusercontent.com/gps-cs-s/AC9h4nrblLxyVzkbFosYilkf8Rs1NWMOESlo1IijMH1iihR-I6YB2daJNb4iKPbDS83KQWL8oDlIdM7jHtY1xXYZJYu7jeRNytO7dTZ75QWPOt65St0m8q90179at_q5R5nfP7_tBcd4=w90-h90-n-k-no","1–1 000 DA","https://ssl.gstatic.com/local/servicebusiness/default_user.png","""Très bon accueil, service  et sandwich excellent.""",""
"Boulboul بلبل","· Restauration rapide","4,0","(1)","El Mouradia","","","","https://www.google.com/maps/vt/data=AiLxQRK8cUhadCziW129TzMn5uTKPZoYOYnG-EdbRP9kgap5NcqYJ8E_y2hteNyudJK9rv5b6_kjhbQLXdwpMgOehlx88Ty8NOTxk8V3ZEcu8_iBMG8zbMb_HARC5NowxZQDBTyKZoSeDKlLbsy656_G_P_XaQQkH5U26NQdVDu3aA","","https://ssl.gstatic.com/local/servicebusiness/default_user.png","""Mardi : Couscous
Jeudi : Sardines""",""
"Ali Baba et les 40 Saveurs","· Restauration rapide","3,0","(1)","Bouzareah","Repas sur place","·","Vente à emporter","https://lh3.googleusercontent.com/gps-cs-s/AC9h4npg9Sl9eTrHt3B1JSjE1G_zJROTLNF2zj7vAol2zwIVIaDCxEBsm3uyk9ASByk_61vzxGRlssERc_AfGLd79KsaBDL8X3Jb2AbIxHW-sYzDeVAh2KJC9x5a-XT_qCGVnq886uCDbA=w90-h90-n-k-no","","","",""
"Kiosque fastfood","· Restaurant","5,0","(1)","Alger Centre","","","","https://lh3.googleusercontent.com/gps-cs-s/AC9h4no8F4tWYGC-l1KPsAPVypvUAX0nJkqXzsaB1_MHxJb2xEUu4NZsGMG_ZscRJ4Ofkhx_R82f6QI6eKxFRsGCuHNrpofDu2dnz9Jkv3Qf0Fzj50ITjquKIweNQ-vKPYyjOxqzaCiY=w90-h90-n-k-no","","https://ssl.gstatic.com/local/servicebusiness/default_user.png","""Superbe endroit""",""
"SAFRAN PAELLA ( Tapas )","· Restaurant","3,9","(391)","Kouba","","","","https://lh3.googleusercontent.com/gps-cs-s/AC9h4noNfAM7hQwTHCvmC05daqmUOpXWsvU7vT4HfDwc0WTRsOVbV7UZ4AxbMlEx9NMQWK3_piHYfn-mpsdq6zespO-owlAhhA1L3meajGYxvvLV_60PFcouHyqNewzLzx-hRgY3ueVjaA=w90-h90-n-k-no","","https://ssl.gstatic.com/local/servicebusiness/default_user.png","""Excellente paella, produits frais, livraison sérieuse, prix tres correcte.""",""
"Fast food اكل خفيف","· Restauration rapide","","","Bouzareah","Repas sur place","·","Vente à emporter","https://www.google.com/maps/vt/data=_-YzHQRYqiY5pNgOwbWpbKaS8NCj-bUXoC8VpO_PhEXKXYSUArfDPcL-tLT0sAokmEYUPxriyTq1kUWk9Qfq-dEOdoXP8EoDxqc8frWr7rtvZ-qb5bnLIL7L2fWXA4cu7tBKuXAOCxT2Mw78To9ssXtoMlEIG3ZFaXj1I-qbKoSuLA","","","","Aucun avis"
"Sardines frites - Le Roi de la Loubia","·  · Restaurant algérien","4,1","(357)","Alger Centre","","","","https://lh3.googleusercontent.com/gps-cs-s/AC9h4nrK7kfs6k3AUuxI2TCNq4FFE9I-tE8V40D1-Wwg7yQ61r3fXtVp8FYq2LA1ZxB8jb3XuKpDYzX-91pZu6-Kmdy3grdfS0dHBkFDKxJQWFvL1GKr9IvwzY8hM7eHQ0UD5sKAtrrV5A=w90-h90-n-k-no","1–1 000 DA","https://ssl.gstatic.com/local/servicebusiness/default_user.png","""Menu très simple : loubia, sardine, salade.""",""
"Pizzeria Ibtissama","· Restauration rapide","","","isser","Repas sur place","·","Vente à emporter","https://www.google.com/maps/vt/data=Cawt_3djLXK7n_lLTNQ89O4pxZjrSlx1J4QW6WVTafPRuzPE48zkWNw90tbULwT5rerIy61Z5RlKZuzcC7dAdp1MFXuBp27N_Yog-ytYom6q3q3mTJDnO-axc0nqP06WQyibyCVaKT-vjImjVxMeggoq5oA7a67cd19gxHKpf7ECDA","⋅ Ouvre à 22:00","","","Aucun avis"
"La Cité Asiatique","· Thaï","3,3","(377)","Hydra","","","","https://lh3.googleusercontent.com/gps-cs-s/AC9h4npusdTwIDlw3UmxONHnRtDeHmKEHADF2_iVICVPr15mbGlD7gvTVrunGtx0CaOrPpPFNPp4dLDedrO1r6MJZ4MTsdOFLQsU1J7SpDv5ScKz4aPKA3lL4UsKPzZGiDfeJpFzOP6V=w90-h90-n-k-no","","https://ssl.gstatic.com/local/servicebusiness/default_user.png","""Nourriture excellente,cependant au niveau de l’attente ce fut très long""",""
"مملكة الكرانتيكا أبو الأرقم","· Restauration rapide","4,1","(19)","Bab El Oued","Repas sur place","","","https://lh3.googleusercontent.com/gps-cs-s/AC9h4npIIkkHIc7SbMnyhTy0UgZZKtHlsiIMhYueYX0T4X-StUBPq06CpK4HbKlPq28BPzZOTB6eG7Mn48TghWEzsAWwMEXCyuDJG0-FSopcPoLZnIKXu4fTRvMuc2zsJlVhFRBXVqR6=w90-h90-n-k-no","","","",""
"TAJ MAHAL Ben Aknoun","· Indienne","4,3","(636)","Ben Aknoun","","","","https://lh3.googleusercontent.com/p/AF1QipNtDC70tkdeiYYsoBwkr0IOJLXnWt_sZR2DGZkv=w90-h90-n-k-no","","https://ssl.gstatic.com/local/servicebusiness/default_user.png","""Excellente nourriture,  service impeccable""",""
"Said 3 Fromages","· Restauration rapide","5,0","(6)","El Madania","","","","https://lh3.googleusercontent.com/gps-cs-s/AC9h4npQEaedYcVPGJBL4FJkTecuL-e22MB3IMRO6W04GKg71GjERxW4Tr-vsP8W2fm3b-JI53HUEXUQNMhrUMKoGm9R73a48NxPFprtDPFresdBHXpaJdRMKdRId024vGnXus6KmXpt=w90-h90-n-k-no","⋅ Ouvre à 19:30","https://ssl.gstatic.com/local/servicebusiness/default_user.png","""Des produits frais Je recommande !!""","Fermé"
"Adem Street","· Restauration rapide","5,0","(2)","16000","","","","https://lh3.googleusercontent.com/gps-cs-s/AC9h4nqT1Q0cuQRNsZ1Tu-3j1A4NSXd1RqTwiKsJ-WTdCPVTwK-3fYXPve97i9v8uZc2fLo9YQi4NYbcrt_U_myWgAVnn5AWQ_fslX25G28v5gDrjmdUlGIn35EEyiQMJ2sJm3wO72pS=w90-h90-n-k-no","⋅ Ouvre à 17:00","https://ssl.gstatic.com/local/servicebusiness/default_user.png","""Le meilleur 💯""",""
"3 fromaages","· Restauration rapide","3,4","(5)","El Madania","Repas sur place","·","Vente à emporter","https://lh3.googleusercontent.com/gps-cs-s/AC9h4nqZJTLeM_eiXnvKP2raJoe-XHjvg8joVb8pwyAB5enu6_fgBjkJnOKTi0hKjxouxz0V6DkZcvqzsXwreDOzj5RJV-WYAKjACgJTTGvY2knn_blDdUkY_P3OobBAvrhPuGTujJ60=w90-h90-n-k-no","","","",""
"كرانتيكا على الجمر karantika ( ڨرنطيطة باب الواد)","·  · Restauration rapide","4,2","(5)","Bab El Oued","","","","https://lh3.googleusercontent.com/gps-cs-s/AC9h4noNv18eU8azxPG5lNjBxZ7pRfv-qzahEaSPfg6PynrUTqLogvybreKE8ByL5rVRoy29cAnX23R8M7JQK39sXVZLl3P8XyTRQNAZ5YJ103gT6jXuQU7f69z-pVvgtt4KNnhnGHHs=w90-h90-n-k-no","1–1 000 DA","https://ssl.gstatic.com/local/servicebusiness/default_user.png","""Un petit fast food au menu unique garantit au feu du bois.""",""
"Kiddy Food","· Pizza","3,6","(14)","Bordj El Kiffan","","","","https://lh3.googleusercontent.com/gps-cs-s/AC9h4nq3wtzrfEC3s321x2w1AC7aidJvzLpYL79b-rEf2l5zb6fWZ_A46rHXayou2p3kRB-KR6JYpPUQBDGNHO_XNlZkukBuarrPN8aNJvVXxI_FlQUj4sJCFBcDUw-74on--_7EVh03=w90-h90-n-k-no","","https://ssl.gstatic.com/local/servicebusiness/default_user.png","""Machallah super bon et sur tous très propre""",""
"Fast-food marrakch","· Restauration rapide","4,3","(3)","Dely Ibrahim","Repas sur place","·","Vente à emporter","https://lh3.googleusercontent.com/gps-cs-s/AC9h4nqmUjgWr8lEzuQAIs_9eCo6k_rqfyrdoZAhgmOcKtQAHqlLFMVmeNRShb50N8851q-lOpq9cUfO8dc4y3eMLJ4cvF5AysFJDMJhfEXqFpeVfPBniGQf14qSlLct8Z1jjrPkAfuMAw=w90-h90-n-k-no","⋅ Ouvre à 23:00","","",""
"Hollywood pizza","·  · Restaurant","3,9","(393)","Sidi M'Hamed","","","","https://lh3.googleusercontent.com/gps-cs-s/AC9h4nq7Fm_mVuFwu-6HXHQDPTahJKteCf2d7knO_RYcVd4PIKvMqgj2ciNsMjtFHGUrFWQn5DZz1z2J0IXin4JDjj41M3XHTIUdghBgUwTeR5WseFOisdBWUkQLlqdlytPE1evUS7vAGQ=w90-h90-n-k-no","1 000–2 000 DA","https://ssl.gstatic.com/local/servicebusiness/default_user.png","""Repas très bon, présentation et temps d'attente (20 min) pour 4 pizza.""",""
"Le bon coin","· Restauration rapide","","","24 rue la vallée","Repas sur place","·","Service de drive","https://lh3.googleusercontent.com/p/AF1QipOAKY2vjp5T_r-W2xgYIbd2EXkCMA0I-rFjjpck=w90-h90-n-k-no","","","","Aucun avis"
"Chez lcouz","· Restauration rapide","","","Alger Centre","Repas sur place","·","Vente à emporter","https://www.google.com/maps/vt/data=HNU8kAx_Wcu40upY3sUqVvsX1AjGa6VylceV77oPq0g3eHc14-F9YFUMEfZhxVhuEVeRSVqK98z1mgbM1BEg7uZbmp4frEHn1-SE0MZZTsj8ppXjQTOfSUiwm21lw2LN-g9yxq-mMKdxsZjZy5iQEFU4JoQ_CYapg9XomsAetF5vyw","","","","Aucun avis"
"Restaurant Le Cooks","·  · Restaurant","4,1","(224)","Hydra","","","","https://lh3.googleusercontent.com/gps-cs-s/AC9h4noP6rjEFg0tnJVbqhcahEajwhmGL5AmBSRv8ehpRkvY29vuLZ0sutfc_yFZFcmM-e3hnDrs56ZARzE1c60V45Ts_E7feItHXXHmK4hVrpmOpqChBQH67ITS00IMuIYzMxHr2R2Y=w90-h90-n-k-no","1 000–2 000 DA","https://ssl.gstatic.com/local/servicebusiness/default_user.png","""La nourriture est délicieuse, le service est  et agréable.""",""
"MC 36","· Restauration rapide","5,0","(3)","Bab El Oued","","","","https://lh3.googleusercontent.com/gps-cs-s/AC9h4nqNJYpllomPRlWVPESZBsEoj4uOzIUyi11CzC6O1E8UTOLzbKAXRsr4Qxk_i7-iSM1IsDpCM6n8TcdLnURISnGeAtOnfafPxU3-nxkgdgXpLIlMk-innPrlg-yXT0yg60ftnYTV=w90-h90-n-k-no","⋅ Ouvre à 11:00 dim.","https://ssl.gstatic.com/local/servicebusiness/default_user.png","""Très bon sandwich""",""
"مصطفى على خوجة","· Restauration rapide","","","El Biar","Repas sur place","·","Vente à emporter","https://www.google.com/maps/vt/data=HSdGGrA16thrJz0zUY80DUNWdiJB5eU1k3ezrUWcY0HuaLOSHGkE9GqzrnC8Yy2-4_1IOIUh5ounOFjYf-T5ABDdS8P9D1-ye2vLAEZ4CUF4ckrYR8_V7-yTIXR5BhvX6V3y1IHY1_gBDJu0_hHT4m9Lj55DJot5YAElXI5i5cMhPQ","","","","Aucun avis"
"Sinaloa","· Restauration rapide","3,8","(14)","Birkhadem","","","","https://lh3.googleusercontent.com/gps-cs-s/AC9h4nq944EmzpE6wBjA_GZ_-9RGwWZtSbulHasKdPJg69G2eWK6OBWgW4hg7AzbUUpXsBY7QMkbnv-PwDKNbdkvWvHFBKbVvBtm2EkbxXLK1Q4Pg7kcrJIUpBUmimRwGCwhZ-eX7sGdMA=w90-h90-n-k-no","","https://ssl.gstatic.com/local/servicebusiness/default_user.png","""Service """,""
"TonTon döner","· Restauration rapide","3,0","(2)","Raïs Hamidou","Repas sur place","·","Vente à emporter","https://www.google.com/maps/vt/data=sHqaQi1Zy-y3pdzudwVZjxYk6Pd3-3pfSUocet-aTeaUJyiJW2gzGpaAriy7VP48KUEPaoKWYVFGHTpR3IY2j9FXuzASIMRvrHcg4oIbb4Nwxc4YoqVPt8SZGi3ZFRzzYhAMJQnTeFZ8pBkWMGQMyQ3YuVCl81CKm11TUMNezBiF8A","","","",""
"fast food","· Sandwich","5,0","(1)","Hussein Dey","Vente à emporter","","","https://lh3.googleusercontent.com/gps-cs-s/AC9h4nqA3FgC3udpiJP9KbBYCVWu2qjhY_iFTU7M-2psKfMqLxKWAX_K1L8Vcq__KB4CyWs3IgHD4G2VTw8pgDyUkENcgTtiM7pNSCT8c1E4oGNJy-Mp5Hc3P9hb8p19xftiyKmudmE=w90-h90-n-k-no","⋅ Ouvre à 09:55 dim.","","",""
"3 fromages","· Restauration rapide","","","Alger Centre","Repas sur place","·","Vente à emporter","https://www.google.com/maps/vt/data=IAot4cBjlUPtQ9AeXJ3IeCnWEVD2YqY5iTiCYSoulsR9TPa4OhkOQKstWPUhY44Tgw5wZjb_4Bwt9AC9FvzK5T6puoOiE4-fyF4_r358yhDwF5m8OTishwuxCeRnup17rE6pIT8tVxwq3J9RP_fzifZBK2TlSTRTPB0_zY8FLjiuBw","","","","Aucun avis"
"Restaurant mezghena","· Restauration rapide","","","Alger Centre","Repas sur place","·","Vente à emporter","https://www.google.com/maps/vt/data=ltuB9corRsBHRmOKE0FbbpeMmuhaJqvZoVW19wi1VaVwlPGn4CSV1FGEA9mGPMrwfaBdijTrXfiIfdQRKGdTOTwW72idTPP1LAUDzZmj4A93WeYEOHXwM0gtFLeTwkM_HUehMyI0mLaEWoyJF7h890ihZvSQfKgyZPdxZf_4C5BfNQ","","","","Aucun avis"
"Le Gibier d'Algérie","· Restaurant","4,1","(251)","riad el feth, Bois des Arcades, Local 02","","","","https://lh3.googleusercontent.com/gps-cs-s/AC9h4nphRVAdiN3wsc_Z4UNAubExToXf5CemfKek8ylzZaMY9rj9zbejHOW9MlZR2BPgbl551J6zdooEZ69UmEXWcc4zZxfREzF1FghA41hQyIZ5fMNhSWW_x8Hi6lhFzFSQfVMQGTz5QeD2w6w=w90-h90-n-k-no","","https://ssl.gstatic.com/local/servicebusiness/default_user.png","""Super bon filet de bœuf avec cuisson magnifique!""",""
"Restaurant El Djenina مطعم الجنينة","· Restaurant","4,1","(201)","Sidi M'Hamed","","","","https://lh3.googleusercontent.com/gps-cs-s/AC9h4npKhiSxrZrEzrYSPpvX5sIQ8o55YVr71lIVJuGfszawOaZS7hHkzuBucUkq6Km-RSTx6FlxCTyXGJri_V0mxz_7pq3fU5Ap282P0VEWIBd4hnt66feyABK6I3-IrvBpw1yh3X2K=w90-h90-n-k-no","","https://ssl.gstatic.com/local/servicebusiness/default_user.png","""Cuisine excellente, service impeccable et cadre vraiment raffiné.""",""
"Mariano Fast-food","· Restauration rapide","3,7","(3)","tribo Mahmoud","","","","https://lh3.googleusercontent.com/p/AF1QipMZJc1l12KrQWLhv5RySqp_3Nyh44RH3xO86ZoU=w90-h90-n-k-no","","https://ssl.gstatic.com/local/servicebusiness/default_user.png","""qualité prix excellente, c'est très bon je le recommande vivement.""",""
"Parisien Pinner اكل خفيف","· Restauration rapide","","","Sidi M'Hamed","Repas sur place","·","Vente à emporter","https://www.google.com/maps/vt/data=2q8ggD07ztMo1KDAsHuPC3o1qQIuelixNA4E5gOsogzlQrm7kR5KuWL-e8mPUfe7y-rQJV6R_9hi2DMLjo6JHY6tV8K5rpt4vbrI9aJScAK7OKllvfX-fw1m4mWUS3d2gXGgJWMNjA-6-A9aNXlUOP-RZ5gVlwFMiQtLESBrvZwADg","Aucun avis","","",""
"Pizzeria Yayou","· Restauration rapide","","","Sidi M'Hamed","Repas sur place","·","Vente à emporter","https://www.google.com/maps/vt/data=w9j0MI4lLYKVdaUGUZ1ZjX9bvanfeoOyG-G8x8eTu2r1nUogrlh9TNvnpdJF5Y4zRSL1n0pEj6TjuJ8z0zGf0Z7hmqXh91x6v6PgNBbdwGsRYlI3SHj-93Sw8udQ3kAq96wOQUQiODJhsNO4S4gt0TON6LoDcBe2hOQRnDwhFeAjeg","","","","Aucun avis"
"El ma9la المقلة","· Restauration rapide","3,0","(2)","Bir Mourad Raïs","Repas sur place","·","Vente à emporter","https://lh3.googleusercontent.com/gps-cs-s/AC9h4noVvV0oLSr1F6OO_4947i8HVNvpPxIRGup_UywK2O0sphR-4h70sDyO2GCNgRBqRGJVT8p_4aRzFcvKXvA9ZGapDKpNI5ZN4IZIkH1eQsi-mww8SOsQtxoRpZCwN_EPFiUJafkG=w90-h90-n-k-no","","","",""
"Fast food MALLORCA","· Restauration rapide","","","Sidi M'Hamed","Repas sur place","·","Vente à emporter","https://www.google.com/maps/vt/data=Xpg8xT-lehU5OoZ1nBzl8PmyCNJ2LHAETw_LPxIkcn-7xgPcHNP8h48GUodgqLgQfJGIC4VtrKxFgSi-eALPRLq3Zv71a9_XfABuSNjtCEABYjOLNjGPqxq_A8inrkrhsedQfgwzlB5cGDuJ19lwzFb39u0-n3ITHXiyEKkglViBxg","","","","Aucun avis"
"Ami Messaoud Garantita . عمي مسعود ڤرنطيطة","· Restauration rapide","5,0","(7)","El Mouradia","Repas sur place","·","Vente à emporter","https://lh3.googleusercontent.com/gps-cs-s/AC9h4nqJv4vO4Xu4uYqUV6_VuhGo9sEDmzgmTciovZP3FA6_ZqMe9vxqhitZ4cfZhoavefanc8tYav_c0ryALjHnk-FMJFcLmufSXoy38J1e7wLvLxBpdmj0BztajrxXtZB1FCW3XqCKPw=w90-h90-n-k-no","⋅ Ouvre à 09:30 dim.","","",""
"Le Tantra restaurant","·  · Restaurant","4,0","(452)","El Madania","Repas sur place","","","https://lh3.googleusercontent.com/gps-cs-s/AC9h4nojB6GMAgKjOlS3efs6wwAHcdd0UpxrSXAJXkKOgtDlzM6hWPRioxb4wkt2NtM4eoj3DUJuRfuXbS4EDv7_jjjCNlxOzK9nKhJFohOs1CcFSVV6gNZvSiooTbW-6ovp2S8P61dvUg=w90-h90-n-k-no","+ de 10 000 DA","","",""
"None brik","· Restauration rapide","","","El Biar","Repas sur place","·","Vente à emporter","https://www.google.com/maps/vt/data=7hchzUrC9xpBobuYiq7T1cakd_VjhNWsCxvFizgZYZzmhnApM31b1-84Ec7LNDrgqY4WogJ2TiIRiq9IIzm8RDak9eMaw90siuKDZTHN1ZUpA9-mAE3_4YZ61NNTVyYnpuXQ0nZXJmD5X88Yi3O3JWpTpZJn1q3vDS0Mvf1PyovuLw","","","","Aucun avis"
"Pablo crêpes","· Restauration rapide","3,4","(13)","Bir Mourad Raïs","Vente à emporter","","","https://www.google.com/maps/vt/data=bLpU6Cw5SrEcwWdKWnd2eQc-XnXDsJW0J6YVMduEUj97LLOVxLiayFE3i9Ah3RvA9WFS_d_Ty-xfMwDlJCa55IUwYiKLUHTokE6pihReH_hULasoIuUn3bog03ulv2OSICkvgl_5zCcWTvSbulTF488K_gCGUgeYE2pxM_E85kg4Vw","","","",""
"LA BROCHERIE, poulet et viande à la braise","· Restauration rapide","","","Hydra","Repas sur place","·","Vente à emporter","https://www.google.com/maps/vt/data=V7JBs3QuLWQgmlvvdSmdazLxmAQgm8hJoKNzkV9vl4VhSkJRlMmLZeKMCCLChcUjsbhZzgZz7gmZqgduUHRHpVKClVaAhkDQDHx9KbDVOlHllYXcGJPk19gxd8xhnV3aWt_g0e9ORVuTWrUrtMgf5rizvaTahiqG6bFKW6twixwvEg","","","","Aucun avis"
"Restaurant La Parenthese","· Restaurant","3,8","(216)","Hydra","Repas sur place","·","Vente à emporter","https://lh3.googleusercontent.com/gps-cs-s/AC9h4noperjDM_30w7B_M7udf7J2d7yUAtyhC7kWmBJU1xhaHkkJa0UdiSY9jVt8xlQdVY-unbx-Wv8Oi2-tdRMLUgGY9OVw7oHf_mTGekLV_Iz3uyL0-r7bSSoHWuqTVTkMxUUHbFLt=w90-h90-n-k-no","","","",""
"PEPITO PIZZA","· Restauration rapide","","","El Mouradia","Repas sur place","·","Vente à emporter","https://www.google.com/maps/vt/data=rIiljZijJJJ_a1DKmOxNwFw1Q4Z1r7Oss-K7DNrh7-Ok3OG9mYMkTH_vcrHl3-JETitc98h4PHoTWf6F_HjzGyX7ZBbwuXMUOs5s2T9hi4iqI7CcyQuk0DwBJi_xpHKvF7v9v3kvXwkqBMS4vLee-lGCJOIYPS9eNnY6DRJx56bpRg","","","","Aucun avis"
"House Of Burgers Bab-Ezzouar","·  · Hamburger","4,0","(835)","Bab Ezzouar","Repas sur place","·","Vente à emporter","https://lh3.googleusercontent.com/gps-cs-s/AC9h4nrDscaJXhkb1QQzSKq6n5MSFLXirpTUYj9VWQjuCYE_JgOyk5AuCTMzkvlvkFdnuJgx-q6LkDHgE4pV-4P21AyMv07jxBoR799ANlLh-kcM4QMdXBdq8YO5sDcqdLrj9EgQvVTN_w=w90-h90-n-k-no","1–1 000 DA","","",""
"ملك السردين le roi de la sardine","· Restauration rapide","","","Casbah","Vente à emporter","","","https://www.google.com/maps/vt/data=lzSk3dyCYnLVKtZyKlqzccXjHgNFDKUmExun8WZT3yC5N_oJN7ZW0AUd2wGhoEVDhGUcysipZzFj6yRsAYVfHzHIREyMXkE9u02l7CgeUSi7SMmG5_wWNE8Asfvfq_DZJViE7QuJDWPb4WASk3LALgxF7AsFaTAgm6et3GkMQkVLaw","","","","Aucun avis"
"Zg rest&sweets","·  · Plats familiaux","3,6","(195)","Birkhadem","Repas sur place","·","Vente à emporter","https://lh3.googleusercontent.com/gps-cs-s/AC9h4npN2N9FIBZEIqa7GYMudTUoKkE72IAo7OUbwNN53I1Qde2q3jU5LHd557J1BnTLH5syjeDj9v1AzIxR_7wDApEsykJIAwKzipIl5vtNjabvOPmuN4IawdffUO_0cj6LFafQGprrrw=w90-h90-n-k-no","3 000–4 000 DA","","",""
"L'adresse Food","· Restauration rapide","","","Bir Mourad Raïs","","","","https://lh3.googleusercontent.com/gps-cs-s/AC9h4nr0k4Jupb8ev5bWPaORoD24wQZf55i8MBpTBXifNa00REoSaJgRhfzfTKsrFGWZ0B50xKFJ8KjsMLdto4t3IGi_rAYMqzdpyJN6ihHd05NWJQe37OXoYDMbRZ5pS2Z3vJElIpOL_EUEHu7W=w90-h90-n-k-no","","","","Aucun avis"
"YouniQ","· Restauration rapide","","","El Mouradia","Repas sur place","·","Vente à emporter","https://www.google.com/maps/vt/data=i10pBDAxshK-UH6eNaUJs0wzCdHToXjizmJj8JN3bD-CIVdmnEyi1EnI-ZZ1fTu8tFwzQK25mAv9AW37Ucq11SI_s7jPULtdFXyQEuejjaorvFCURD--a2ChXi-IkruVBxszAeOJEWZoQGoVLjdTV0N5MbKj0KzscbnZbOb9wrDHqw","","","","Aucun avis"
"El houma food ''Chez Ezzahi''","· Restauration rapide","","","El Mouradia","Repas sur place","·","Vente à emporter","https://www.google.com/maps/vt/data=dGadh9BGh3i41h4Ry6niCv-hUNZPyEOQKpZrOHTUY6LoED6OZ9ZW4asFBf9Gyqc5ItR_ZDxruPXprzbBN2jTMRU1eMt5bvfmXqbBXWf-iS7JKTcZALIwgPZ3mJ51tLq11MNAear7pfNStdQ7zjc7Mk1sXkQPNN3Dl_ywKa1fWPsrtA","","","","Aucun avis"
"Enjoy your Food & Crêpes","· Restauration rapide","","","Kouba","Repas sur place","·","Vente à emporter","https://www.google.com/maps/vt/data=bvLmUu4evuT8JvpoBE2v7TsTr1PVr5VJCU0fE-pmfbdv4NsyDTxUpCWsvi38PlYPE9nYy9fitM_8vgi0HKP92-HicwxNQkU0k1KzcvSfMtjI750rFh7MVYsxearEfUXSEgOrZ43fp_x2UghWaXlL_8CCD86w15C9AETfdMu5BXRzhQ","","","","Aucun avis"
"Maloufi fast food","· Restauration rapide","","","Bologhine","Repas sur place","·","Vente à emporter","https://www.google.com/maps/vt/data=DIas7HHiOQxcX3ItIgKuijCnlFEAxI1EiylZsdBF7LDO2B3zbn8DvN0pavTrNJo5zdJBXjOTHV6t4Go2NYJoYjk_xji7lnvx2av0fY7ZeyUc0T2ujCn_9C1enVP02o1AjCPDa4l0smRmioaCBDmm5VIMq0MRP6nHE0z5TRkrgwKdng","","","","Aucun avis"
"Restaurant Le Farfalla","·  · Restaurant","4,3","(106)","Hydra","Repas sur place","·","Vente à emporter","https://lh3.googleusercontent.com/gps-cs-s/AC9h4nrzjWbTgUKfEvJS_BR6eF_Wsg4kqFsZ9cMFCVyBEOogK0NOc5Zgslo0DSsKlrmJJTfz0xd--AREVram_qY3RQRH0tmuM7HqYHWw28NgegqolIYmwzZlWMgADNa0OMpepj7V6Us0=w90-h90-n-k-no","2 000–3 000 DA","","","⋅ Ouvre à 19:00"
"أبو معاذ للمأكولات التقليدية","· Restauration rapide","","","Alger Centre","","","","https://www.google.com/maps/vt/data=vp2LeeWYW5NySGffrBIY_fH9lXGMttWclDkAHwPEKHEavd00ZUFGFNhUZI0Y77F_ecv8Rvojk6x8hZAn6SFOrTAr2GDc4RRNdPkC78EwA6ZE8_Ei66QBNcUI5iMwcVVR9idevrQbX-wmH9nGAovAr3LAdZlcz9fvyykiYw4l6w_kRA","Aucun avis","","",""
"حلويات ينيس","· Restauration rapide","","","Alger","Repas sur place","·","Vente à emporter","https://www.google.com/maps/vt/data=6Q5dEYd2BVknInJFMwu6cCa8fBNEscXyaGPEVktvoWm-AW3WX0lJfWo9dctb9p1IwlZ7JHcKsFupYVlQjZCPG_lSx0-zgHl3cWt6NEKG0lvC8vyX-_R-oKBMqaRaFmLAvIM_sbvfVdt5QbBpmME9KuV49otXykInji57GnRWmNoo1g","","","","Aucun avis"
"Fast food milano","· Restaurant","5,0","(1)","Bordj El Bahri","Repas sur place","·","Vente à emporter","https://www.google.com/maps/vt/data=4xzrjIPWCZMhqGbaMd20k0PquSd4pCV2n7aSGd5M7YPZsk-KL7NBjLUg_PwfDuNwazq0duRy8W9yybZ-VB_ZqcgXCi7jt7y046bLcbROYbTRMP_u-BuuMRQ3g5RhhdcUcLDySPk6D852sUfYEoqMuiw29AucCgKkfUFh5m5qBmbrqA","⋅ Ouvre à 00:00 dim.","","",""
"E","· Restauration rapide","","","Kouba","Repas sur place","·","Vente à emporter","https://lh3.googleusercontent.com/gps-cs-s/AC9h4nqUrJ_-coj0KNM99QFIsXKjyznFfac7kZjYtHwxsYPW9UlHwRvSz3KwJPp65N1yhdfxnJxlxDvdnSpoUiGjdDywo3Mq-dWeaGXPdxCXY_5bWnh2yjCQD8ntmBaTjmEbENq6SuS3pA=w90-h90-n-k-no","","","","Aucun avis"
"مطعم عند حمزة","· Restauration rapide","","","Casbah","Repas sur place","·","Vente à emporter","https://lh3.googleusercontent.com/gps-cs-s/AC9h4nqWz2hhLya-fRFPu7Yg3uBCT_OmYCBF8lFeND9909Xag0AXWotjgrDgxSVoPuYphyZ_8F9rH0InpwGCjZR4g1sbP3M4M7Gibpv2qrBhTmYfIDU9SmksF95biOVAphfWim-CC_HakQ=w90-h90-n-k-no","","","","Aucun avis"
"Mc Mirna","·  · Syrienne","3,1","(190)","Bab Ezzouar","Repas sur place","·","Drive disponible","https://lh3.googleusercontent.com/gps-cs-s/AC9h4nqSGWNhBPYW0JEHK-_60DODic66r-FDkPHrfn2GlyJc-w3IVZN_eLo6duK1IqN4mLipzqypGYEEP0HQvDSW0bXMP6w71liNKuQOyc69dmetVv2xA1v8Bwe6PUKYChXCbm7Bxl0W-g=w90-h90-n-k-no","1 000–2 000 DA","","",""
"Koule elyoum","· Restauration rapide","","","Kouba","Repas sur place","·","Drive disponible","https://www.google.com/maps/vt/data=uIeFf9jolMle9aVhMS6WUqtxX7EZzB06PDSFCejqkaMFWyiwk3i3D8HgWuci5Xt0ebcJVun6f9541vVsfyKCFimg6mF7wXlK_gmSK_yFzSu-Tij-kh6N1mjBZ-XdJWvzS66s9XeA6-_TPQDuGUIu2oxYnPx1g9vY6C4N8troUPl_RQ","⋅ Ouvre à 18:00","","","Aucun avis"
"DIAGONAL Glace & Café","·  · Cafétéria","3,9","(238)","Rouïba","Repas sur place","·","Vente à emporter","https://lh3.googleusercontent.com/gps-cs-s/AC9h4nq8xeeLnH75-f5aEDZH9zcc45UCetNGyWZyAX6oUzLUnbtCl52kpWs7jzPcA-f0vAgfZ7u__Tcy-4-oTsbXfXoV-xw616e8gb747pHN8FI_4tA8_QVg55NTAaeWY8QONpgMc7el2Q=w90-h90-n-k-no","1–1 000 DA","","",""
"Mhadjeb khalti rabiaa","· Restauration rapide","","","Kouba","Vente à emporter","","","https://www.google.com/maps/vt/data=05Gc_fzu4Oj6S_xbnyQDu-kn6960YhC8mo0o1RtdPrjVW0eTEvyeKU3yPIcfQfePVHFQjAeLktuvS8Lkljn57NjecFoT7PM8pFG4nb44LLTxGvBO_ezvUg_G_jSzZ2qV79W_dUFfzVC0adKAwYDzi8dTLsEKfuGzoXwoaCDizHIrEg","","","","Aucun avis"
"Barato Food Kebda","· Restauration rapide","","","Kouba","Vente à emporter","","","https://www.google.com/maps/vt/data=izJij3tI1XjjHDibEa1EgC74hrR_gOyWNyUB1juVqAWkxwwupvuh4bj3bAJ08moVbugjsybUre_PCufVIlE33xWLsP7QvbtiP-et3D7xeln5pHQQHowSRB6S7AZmKKOJsT4wb2-sieZ5MLVzqSTK4TL7a932hEmQW_rJA5KVWF_9RQ","","","","Aucun avis"
"Ryanos Food","· Restauration rapide","3,7","(3)","El Biar","","","","https://lh3.googleusercontent.com/gps-cs-s/AC9h4nqQynfThZH_mGySua5_-WhGCaqK0Vc9eLrr2Qa6SM5HV4-ZeHWjU0dbUfgBtn4XRAoBPQEGpaBN59K0zmZVKsFjsnDvKyWfMi-bB4syJ9zGDUeF2_olZVQo2mtmL_mC_r1D364=w90-h90-n-k-no","","","",""
"La Casa Del Burger","·  · Restaurant","3,7","(439)","Bir Mourad Raïs","","","","https://lh3.googleusercontent.com/gps-cs-s/AC9h4npDEdKqYsBazZv9039NJ9CwY6SDzonaKeQJaCFkcEv4Y_c07rZ1OH35eHiWE8VHjkpO3ZasBMYcnsO2TGksL3cysjE1vm2XyvwsbG-cc5Ah4k6ffeb1rW3wYWiK94cnyhoGC_Y3=w90-h90-n-k-no","1–1 000 DA","","",""
"Tacos latino","·  · Restauration rapide","4,0","(33)","Kouba","","","","https://lh3.googleusercontent.com/gps-cs-s/AC9h4nrsKk-jZiRYvTLeDmYFiYk86xcXZb8rkG8saexkBLQIF6Kj3Io3Ivesj8qO5Ahtue1gXGr7C_EEWPsGYgrigymAx-dSuy_iFVSX4hHVlnuTunIfDOCkWXl3U1d0PIV3sTORzwA=w90-h90-n-k-no","1 000–2 000 DA","","",""
"Lella bouna","·  · Restauration rapide","3,8","(22)","Birkhadem","","","","https://lh3.googleusercontent.com/gps-cs-s/AC9h4npoP2BXxjy5HaOoYE8zjVILt9XhTt9CZqLIo8n2Kcc0EzBE6RFx5xGCbnr6lpQUyTWmUAobdG62fo4IOQPEvKPhar9RUgK4W76InOpB-bdOZsoanp006pmUrtoWiGAJFJK-Oq-Y_g=w90-h90-n-k-no","1–1 000 DA","","",""