"OSrXXb","rllt__details","yi40Hd","RDApEe","rllt__details 2","rllt__details 3","YQ4gaf src","uDyWh","YQ4gaf src 2"
"Woody Grill Algiers","·  · Turque","4,3","(500)","1 000–2 000 DA","Alger Centre","https://ssl.gstatic.com/local/servicebusiness/default_user.png","""Le repas était impeccable, bon assortiment de .""","https://lh3.googleusercontent.com/gps-cs-s/AC9h4nq_ilIZ2p9Mo3TcbWUUsoGmAKdeEorhCkd8V_Y16iLvXSZQ3XBXOVhnf6-Y5PH2_yHzGL1gKs6A4bsPvmUgTl-tCpRuza-Xi0b_Rbw0sr1V8zP2j2jc71dfr2NgIaTdkPA-74yo=w90-h90-n-k-no"
"Restaurant Grillade Chez Brahim","· Barbecue","4,2","(23)","El Biar","","https://ssl.gstatic.com/local/servicebusiness/default_user.png","""Viande très bonne et prix abordable.""","https://lh3.googleusercontent.com/gps-cs-s/AC9h4nrvrI3oxp_ZNIQKkPxRpDBcBljprQp3aiSZHHhQfTgIkUa3Xz4ELyKfhro8UwIeRrKRpH-qxGb0v3I1hNJgNB5FYuaO-UNzoRalPYv2xWBzWi6emHTfwwW77Z5t63Ed-vsVLc1SZw=w90-h90-n-k-no"
"restaurant le grill","· Restaurant","4,5","(56)","Bir Mourad Raïs","","https://ssl.gstatic.com/local/servicebusiness/default_user.png","""c'est génial""","https://lh3.googleusercontent.com/gps-cs-s/AC9h4nq2XlMuKD9zcTlcshjY3hrGg0cc58YVruEPHQ1wS3XxVpYmlumwWScDGd5He7ezoJqpPY85ubKkSbM-Ktql448MLGZylLC-n9t8Er2yCPmG2FjRsjcC4MJDuMQU1-u3sLUP8WM27A=w90-h90-n-k-no"
"restaurant La Braise","·  · Restaurant","4,4","(38)","Hydra","1 000–2 000 DA","https://ssl.gstatic.com/local/servicebusiness/default_user.png","""Les  sont excellentes et de bonne qualité.""","https://lh3.googleusercontent.com/gps-cs-s/AC9h4nrEj-UbWDaR428G9kwk-IWStP5z4jN8VE8PZQ6h-rxK39ZCcguKaRTqEULZFlh7kxkmKbPhKOdXv4VeHzaYL3i5smwlLSA7xtLLF560W-0houml3PBQbRHXVhWjy7eiFTZ2WEs=w90-h90-n-k-no"
"Restaurant Rocky","·  · Restaurant","4,0","(169)","Bouzareah","2 000–3 000 DA","https://ssl.gstatic.com/local/servicebusiness/default_user.png","""Endroit très sympathique, les  sont très délicieuse""","https://lh3.googleusercontent.com/gps-cs-s/AC9h4nrPruM01LzLfHz1tPPyNLCyrcVwTSC_KU7o3fWSliVzyWpFPk9YdVlDwIO4XUOyjPvYtkw8EaUr2MUjVieFfI0vNiofjWOaNYAwEBZ1Yhrc_4aB9OrdT1-3szBENWqw1t9hF_wfkQ=w90-h90-n-k-no"
"Restaurant Le Barbecue Chez SAMIR OUZAID","·  · Restaurant","4,3","(18)","Sidi M'Hamed","1 000–2 000 DA","https://ssl.gstatic.com/local/servicebusiness/default_user.png","""Super  avec des légumes frais.""","https://lh3.googleusercontent.com/p/AF1QipMjCQuew915Sq508Ky2F3nJZ-s5wwib225kvxum=w90-h90-n-k-no"
"Rush Grill","·  · Barbecue","4,7","(90)","Centre Commercial Garden City","2 000–3 000 DA","https://ssl.gstatic.com/local/servicebusiness/default_user.png","""Le menu est composé de  avec accompagnements.""","https://lh3.googleusercontent.com/p/AF1QipME10fc5nq5sxFojC_19CK526eox_kgj9NJikBd=w90-h90-n-k-no"
"Beef Côte","· Barbecue","4,3","(157)","El Biar","","https://ssl.gstatic.com/local/servicebusiness/default_user.png","""Une excellente qualité de viande et un service parfait je recommande 🏆""","https://lh3.googleusercontent.com/gps-cs-s/AC9h4nqfMZHpR7tC09bujqgIwlHLw52Ic80GrE3MdzEM3e68BYDxMcGk4JRa6bKZBFGu5OLltjbXX94OY2FjYywg4z9Ll72h9n4UwM29b7gUoFG_ttA_yOXA6VBkW6ve2s-EmzyFujP0nA=w90-h90-n-k-no"
"Ami said grillade شواي","· Grillades","3,8","(32)","Belouizdad","","https://ssl.gstatic.com/local/servicebusiness/default_user.png","""Très bonne .""","https://lh3.googleusercontent.com/gps-cs-s/AC9h4nqFBGGy49bq7O6nzlzFYIzQRDIi8VGnkeYPmMIEVgi2WfpCT_69T2RSoZ0JgGtNrfl1KAzcQ8bmckoDZGis9n2hJN-raTIn6mgu1-PuMfOvkcBejh5_DWlv60_Ri_gGOBgGK5Q=w90-h90-n-k-no"
"Grillades abdrahmane","· Barbecue","5,0","(1)","Ben Aknoun","","","","https://lh3.googleusercontent.com/gps-cs-s/AC9h4nrnZjKZ_y_pt3c__Kgciwa2xkwmgU9jxp4Fyo1jZQ-T9gEJG2YYhvI-DcJRuqIkVxMsZaxkY3TSiBQcSPhH4Nb11LujhFcvaej1dreW2O3LOmdWrKtS9K4iAIvmoq0SI-q2TUk=w90-h90-n-k-no"
"Restaurant Café Entre Potes","·  · Barbecue","4,3","(29)","Alger Centre","1 000–2 000 DA","https://ssl.gstatic.com/local/servicebusiness/default_user.png","""Le meilleur viande !""","https://lh3.googleusercontent.com/gps-cs-s/AC9h4nrjydPZdOguinEZ4x8Gl53E3iXI6aV88SJDa7ttTVV_OiFwk5z6TeYoa9Kb2NwbMBsdWBnQein9LsDubYypZfNwNlUNMBPCBbSkUg-EiOA56i3BRlaTLeK6qz0fjKOQ6Q368I3xaA=w90-h90-n-k-no"
"Bab Dzira grill","·  · Restaurant","3,5","(31)","Bir Mourad Raïs","3 000–4 000 DA","https://ssl.gstatic.com/local/servicebusiness/default_user.png","""Un restaurant a recommander.""","https://lh3.googleusercontent.com/gps-cs-s/AC9h4noZfNw9CDRo0Ou-f8KKjTKL6QQQzYcIqUqyxaiKaYVSLxJU6vPVBm0WHoA_vCnDYF3tFgdpW3w4U9pZIZILL2Rk3qubEu7lHHDN0rSE0n6TPI9RjiunoyH93nSG1USXfjSnHwrH=w90-h90-n-k-no"
"Restaurant grillades مطعم شواء","· Restaurant","4,0","(8)","El Madania","","","","https://lh3.googleusercontent.com/gps-cs-s/AC9h4nrEfOLgjHzSu2XEGpD016HYtZ4hD3rZRL6ypFBMeJPQ7gQJMoQQcGtKeLgyBgpw3jzzV4kjYTGF5A5iNp2QK3jcBh9TWXzCyeR_8BpfRDMmUmh2hwvgP1zCm2y3L3jFTO6dNHg=w90-h90-n-k-no"
"GRILLADE PLM","· Restaurant","4,3","(6)","Bourouba","","","","https://www.google.com/maps/vt/data=Fij-NTB_ciVCyv89_vATsUfPgG30wcnXXsSJy-XANfzamkZAgSWfFLKKHlrUE1VwDa7mogMcHqLofjz8u3MQnn8f4mlqPhNaGljJsQIdIWVHdbJBh-aW9BEfkXD8ljMnCljDxISG5_ggYY20JuszFTON8zin_5sGwzwNFr_d2BhVug"
"Grill's king","· Barbecue","5,0","(2)","Dely Ibrahim","","","","https://lh3.googleusercontent.com/gps-cs-s/AC9h4nrZxoR_6i5lm-3HWhYI3vMBUWPQIyGI6NAyor70ovY_fU4fXK1PLSvL1BjLW6M5fWnuaEXm5PdDbizsD6accTDGgacWxYdVoLKaz2sGFyIBVHnpOrx8VGNWsQyZVKgqGSa84lV2=w90-h90-n-k-no"
"Le douar","·  · Restaurant","4,2","(212)","Dely Ibrahim","1 000–2 000 DA","","","https://lh3.googleusercontent.com/p/AF1QipP3Zfo1oWyOLGmqFUtJn4u_KLzp2YAB3a1feR11=w90-h90-n-k-no"
"Wael poulet et grillades a la braise","· Restaurant","4,8","(5)","Saoula","","","","https://lh3.googleusercontent.com/gps-cs-s/AC9h4nr2EVustWxbrXWPWXiPw5W7NMnuDiir4b8_0zp6qK7kCSX0qtCN1y-J7vO2Gn1Be7wvUXV0e5XkSxeNrNoNpGGVYfv9cLaopfBDt1O_V7BxXM5PRc7zPlOY5V6mmD6efx8MMpoY=w90-h90-n-k-no"
"Le Gibier d'Algérie","· Restaurant","4,1","(251)","riad el feth, Bois des Arcades, Local 02","","https://ssl.gstatic.com/local/servicebusiness/default_user.png","""Super bon filet de bœuf avec cuisson magnifique!""","https://lh3.googleusercontent.com/gps-cs-s/AC9h4nphRVAdiN3wsc_Z4UNAubExToXf5CemfKek8ylzZaMY9rj9zbejHOW9MlZR2BPgbl551J6zdooEZ69UmEXWcc4zZxfREzF1FghA41hQyIZ5fMNhSWW_x8Hi6lhFzFSQfVMQGTz5QeD2w6w=w90-h90-n-k-no"
"Grillades Chez Zakou - مشاوي زاكو","·  · Barbecue","4,6","(161)","Saoula","1–1 000 DA","https://ssl.gstatic.com/local/servicebusiness/default_user.png","""Très bonne qualité je te recommande""","https://lh3.googleusercontent.com/gps-cs-s/AC9h4npDr8_LwQmISrM-J9PXyrJuMdJ_Y3OPBs6rR3lqWoPRmIx4_Tv0PPUy6aWr8mNA6T4EJ9Z0XH1BSyuxxVO2eCsiMwas0qNOKVShF2pxEfiYTAwEeTsOkDdjcg3cv654kB6xbn3_=w90-h90-n-k-no"
"Le Barbecue","· Restaurant","5,0","(6)","El Mouradia","","","","https://lh3.googleusercontent.com/gps-cs-s/AC9h4nqmNKjBEjIhVie6pa0u-liqa6E69s9g3dOcGMA52aQNXZDthIKxU2Lo5ntAvZNMDjJuEyKdIJ-6c-ZWCGHnkFYjSoWvHUwerezP_eCnEOzvtWmh_HkBAU8ZTIlver9jrESgcgx_=w90-h90-n-k-no"
"","","","","","","","",""
"","","","","","","","",""
"Chaway Nassim - restaurant grillades viande","·  · Barbecue","3,4","(23)","1 000–2 000 DA","Belouizdad","https://ssl.gstatic.com/local/servicebusiness/default_user.png","""bonnes  mais prix excessifs""","https://lh3.googleusercontent.com/gps-cs-s/AC9h4noP5H1DARfKjbJu5SrfkYgkD-TnX-ORn3McojCuhBikgVV5ZauqOCXmwCsinxme8ALrVWwqgRgeyyearrof1Ye4xReRhOO6-0zSQeQ26qhUbyKoMKZr8UsK2E9y7yGT5-BAQHvXXQ=w90-h90-n-k-no"
"INAYA","· Magasin de vêtements pour femmes","4,3","(12)","Bir Mourad Raïs","","","","https://lh3.googleusercontent.com/gps-cs-s/AC9h4nqxru1w_7kWpTbav8nw1srqwhQnqp24vVeYnhr5g90VYvsNG5_9J-9BBUlSYAAntW4VhNN73ZHh2YbgmPolb-LJOn4-bVWtFLldHM1AUtlS619woW98I9HXKSuiFuzk2sc41FiR=w90-h90-n-k-no"
"اشري و اشوي","· Barbecue","2,6","(10)","El Biar","","","","https://lh3.googleusercontent.com/gps-cs-s/AC9h4npsSnTZne67ap3eHkgiB580Lu4uGW4PYq7kqWnZ4jRiFuUOzH3V1Kd1yjvMQcrtI2lavPnajR6ApW2Cn27tm9isO5XPC306SZaOquIm1iWImVXCYZ8Tt8a0Utv4lAr8BMWsivKS=w90-h90-n-k-no"
"Grill Room","· Restaurant","4,1","(79)","El Madania","","https://ssl.gstatic.com/local/servicebusiness/default_user.png","""Nous avons passé un excellent moment au Grill Room !""","https://lh3.googleusercontent.com/gps-cs-s/AC9h4nqKzPbKj5KJyyYDzrAY9riOW-e7eefPYTLn8HR8e6uTmhrusARLD9rT_TbvBlArVtgfzsMH0fQPlzJBuVu78REd023Kt2wqeEVTtsow5iQVCg27xYpcVUDeVx98vTIrOxxCqYbz=w90-h90-n-k-no"
"L'auberge du dragonnier","·  · Restaurant","4,0","(112)","Belouizdad","1 000–2 000 DA","https://ssl.gstatic.com/local/servicebusiness/default_user.png","""restaurant est niché au cœur du parc Jardin d'essais il.""","https://lh3.googleusercontent.com/gps-cs-s/AC9h4nqDYeNE2PAsD-J_khwqrlmFO0m_nKONhm9xNoxhzcOtjyEU1Mx7puORgUWHYXgDaaKMVqwbjfUgSFC2h6ps1BOvghZZ_ahVSdxHwJT8W98wUBYBeU85gb3MJ8QRrLam2bwTd53s=w90-h90-n-k-no"
"Le Tyrolien","· Restaurant","3,6","(79)","Alger Centre","","","","https://lh3.googleusercontent.com/gps-cs-s/AC9h4nqRW4J7SKO3NGtj13GZkYIFPSL_WozU9La0Ozb4zmqffuKD4r9rP4k_hBH25opzeWoGJLOxEZNRtm_I4pt9mPm7ff7kSu4L3EyNOX8_4VrTlNwRcyFPudH7qfk_PADfw2eBNisZ=w90-h90-n-k-no"
"فريد الشواي","· Barbecue","4,0","(4)","Bourouba","","","","https://lh3.googleusercontent.com/gps-cs-s/AC9h4nrCm_a4OCvGb0mpFGBlsF5BW23XI4soAxOM10NaQ3AZ8xK6k7PBFtB_HicxeGSas4uKFmmXK5eCpQZ8jwgU0hwwnxfpj-AbRUC4WPzrbKbHFVWs9bCNCfGWKiWhiPEgAxpJZoI=w90-h90-n-k-no"
"Restaurant Grilling","· Restaurant","5,0","(3)","Hydra","⋅ Ouvre à 11:00 dim.","https://ssl.gstatic.com/local/servicebusiness/default_user.png","""J’étais très à l’aise je vous le recommande""","https://lh3.googleusercontent.com/p/AF1QipNYDPYUxCtvg7FP5Lxx4_KtKNvnniyQERXsa5OV=w90-h90-n-k-no"
"Grillade شواي","· Barbecue","5,0","(3)","Bourouba","","","","https://lh3.googleusercontent.com/gps-cs-s/AC9h4nrdXJiUG7PM3y2Djr8IRAjep_2382YHh16lxxlkvUTIuvVmVUiO_6OxsprCKXRfuax8YeG_plSgajGrHYB3yG8AEu2l-DfygebNH9mfN9f9MNoIR47OQ1okG13Dzo3oRNRluebn=w90-h90-n-k-no"
"Restaurant Casa Bella Draria","· Restaurant","3,3","(1,3 k)","Draria","","https://ssl.gstatic.com/local/servicebusiness/default_user.png","""Excellentes , excellent service et prix raisonnables""","https://lh3.googleusercontent.com/gps-cs-s/AC9h4npekHhNmUkqLU4NQA3CSTDsdn9Sa7wl1JKXHK5D9XGcZh2HRgRH4O7EAzTLPHNlfKTMW8wbWlHkHbuf3mfLWrLN3AMC-6kTcZWyPaGfVeo29D5QwkpYM5dzE7VSuO1-vtKTmOj0=w90-h90-n-k-no"
"Barbecue le coin d'or","· Barbecue","3,3","(3)","Belouizdad","","https://ssl.gstatic.com/local/servicebusiness/default_user.png","""Les  sont bien cuites.""","https://lh3.googleusercontent.com/gps-cs-s/AC9h4nrx6LgLezH3FtJqEMXiiMtoyq4G2CWihVOrjZFB0feDA5CyMjvIv_wSw1N4yuBHruaCW61iEYo3pRpzybdZvpo0ujqJfxCZjHeVa-E47EmqdB_tCK4UHLP4Euxo7sZd5mGBGijG=w90-h90-n-k-no"
"Restaurant Le Farfalla","·  · Restaurant","4,3","(106)","Hydra","2 000–3 000 DA","https://ssl.gstatic.com/local/servicebusiness/default_user.png","""Super expérience viande très tendre accueille chaleureux service rapide""","https://lh3.googleusercontent.com/gps-cs-s/AC9h4npAYnwsSFUH7exoFT4WxdFnSGf6jOlbbC2x2TKu2uuA2mCgp2MBofGL6uBukT14d_-jCDz-49rLW51O8kXX5rL4tNs4CZrAvCbkkLWsI5Y-2r-C6a9nBIUuKOHS6Zcu9CY6NK7E-g=w90-h90-n-k-no"
"The garden grill","·  · Restaurant","4,4","(15)","Belouizdad","1 000–2 000 DA","https://ssl.gstatic.com/local/servicebusiness/default_user.png","""Nous avons mangé ce midi au garden grill.""","https://lh3.googleusercontent.com/gps-cs-s/AC9h4nohSwg2STPAJ1vmzZbe9cNUzE_Ua4XYpOpxt1IyugcsCayLI7m5-hwRbdd4ZIT5xA90bzgh3l838iczhcUF21Mo8qxXnSyK6qqqHsmIcdhyiCQg2M2pcsHTP8BtRAOU5CeB6azL0SLUa2Q9=w90-h90-n-k-no"
"GRILLADES Amine","· Restaurant","4,5","(2)","Bourouba","","","","https://lh3.googleusercontent.com/gps-cs-s/AC9h4no9h1YKyBxRSN2bnIVRA0j76pQdy8q02G1Qnkeap1gYjFBlrpegHmZo6pZEPbIfFVtQpMHnFmdeVH4n7VOTUKiRlzAFiEawGC7z2n94ueE3WazjI_v_x-1D2Gom0AvCmBI3YNINsg=w90-h90-n-k-no"
"DZ Forest","· Restaurant","3,4","(489)","Bordj El Kiffan","","https://ssl.gstatic.com/local/servicebusiness/default_user.png",""" de qualité !!!""","https://lh3.googleusercontent.com/gps-cs-s/AC9h4no_NNH6_ubJ79WyVbAKbcHBC2EkrwxL_HVKEW7BHT-N8CNKw7Gqla0EEvbwVRhPpjF90j5axnAVEJtUynMJ7LkozDyQuQ6ErJExIjlQIAggfLsrbuOM3fUky35-uAph6cynSeIMMw=w90-h90-n-k-no"
"Le Bistrot By Louati","· Restaurant","4,1","(377)","Dely Ibrahim","","https://ssl.gstatic.com/local/servicebusiness/default_user.png","""Vraiment top
Service 10/10
Aceuil 10/10
La bouffe  10000/10""","https://lh3.googleusercontent.com/gps-cs-s/AC9h4noFGYBBhhpuEMKRcHLReXoHRSmw6Z7R8g841fNY1Zp1jV4KI_N2JI4d3S4CTJ_f_2gnXXKMEXLTO2N2J9Sro8A_uu1U2aiZmJwdRmKr6sfZii_9Kr9F4ynQS7sFy_4S0ykXhNAq=w90-h90-n-k-no"
"Belly's sktbox & Burger","·  · Restaurant","3,5","(131)","Hydra","1 000–2 000 DA","https://ssl.gstatic.com/local/servicebusiness/default_user.png","""Je recommande le burger brie et la box Argentine.""","https://lh3.googleusercontent.com/p/AF1QipMEsZzBAQ4ahaNOg2b4cXIb6i9CWPnZo69S2Ggq=w90-h90-n-k-no"
"Restaurant Rym","· Restaurant","3,6","(80)","Bab Ezzouar","","https://ssl.gstatic.com/local/servicebusiness/default_user.png","""Restaurant de  très fréquenté.""","https://lh3.googleusercontent.com/gps-cs-s/AC9h4npP3RlnQ89NIVX0oS2FKZe1zRE-aTmWpOUk2sdilFO5Gb3J_tnqZG6TF2GUYoxzBBisyHWz73AWb4Y0niSdt78-d0Y_gRf2AvpcXcr7hdvGJ4xOCguCNmI_w8wdaIyJ88hfhA7X=w90-h90-n-k-no"
"Restaurant Le Cooks","·  · Restaurant","4,1","(224)","Hydra","1 000–2 000 DA","https://ssl.gstatic.com/local/servicebusiness/default_user.png","""La nourriture est délicieuse, le service est rapide et agréable.""","https://lh3.googleusercontent.com/gps-cs-s/AC9h4noP6rjEFg0tnJVbqhcahEajwhmGL5AmBSRv8ehpRkvY29vuLZ0sutfc_yFZFcmM-e3hnDrs56ZARzE1c60V45Ts_E7feItHXXHmK4hVrpmOpqChBQH67ITS00IMuIYzMxHr2R2Y=w90-h90-n-k-no"
"Papadum Indian Food","·  · Restaurant","4,2","(485)","El Biar","1 000–2 000 DA","https://ssl.gstatic.com/local/servicebusiness/default_user.png","""Très bel endroit, nourriture délicieuse et prix raisonnable.""","https://lh3.googleusercontent.com/gps-cs-s/AC9h4nqtDXMAG3VxHTT4vVWSJ8GW1UStp4e9lJpn6iAIz4aBDid5BCbfmEEIF3rudKVVjyf4c-eV197r7WjYLUkj5vG3iRU_sILmVN2pRHEoZTTCimCoNlY2Ce7tc46Q0DzH7tY80KkG=w90-h90-n-k-no"
"Viking grill","·  · Barbecue","4,0","(297)","1 000–2 000 DA","Bordj El Bahri","https://ssl.gstatic.com/local/servicebusiness/default_user.png","""Endroit familial  délicieuse large choix de viande miam miam""","https://lh3.googleusercontent.com/gps-cs-s/AC9h4nrHZpA4CEQJgXINNuqlFDysW8GFhkYVo8rC2IqmgjHieFSJ8EPcYW34r9w1xAznVNkPzIC96UdRD2Bh_IvoeD7YCuPSmYZMUFdOhWt3tW4b8C30KptjJ0jevu8bqG5hsqa8r7oB=w90-h90-n-k-no"
"Grille barbecue شواي","· Restaurant","5,0","(4)","Chéraga","","https://ssl.gstatic.com/local/servicebusiness/default_user.png","""Viande fraise une cueille cuisine très propre 👍""","https://lh3.googleusercontent.com/gps-cs-s/AC9h4nr-nen5V1KNYv0sH0sE0t8M2Zilq6Xtdr60EiXHjQduqGDLRjgMgjeQgf1AMgXJ5Kmb1AcA9cuXP38_L10Wbyvo9kR4GPr55izLv-arPFbrHaKEjExvEaVEWqhOlpze1vxh-INRXg=w90-h90-n-k-no"
"WOOD GRILL & COFFEE","·  · Grillades","3,9","(190)","Mohammadia","1–1 000 DA","https://ssl.gstatic.com/local/servicebusiness/default_user.png","""Le poulet, quant à lui, est bien cuit.""","https://lh3.googleusercontent.com/gps-cs-s/AC9h4noyCJ99g_k_avNTvYw_FRs593Cy2bu2KDCYeOQ0GthMtcF4eBg9Ry0-ZlN4NyPeIhYvleCiqaoQRAt2mZnMxinbD3Mpq1lVhWOJymElHjkxTqBRKip2wTFCn_dH8rcCARFOGQnt=w90-h90-n-k-no"
"مشاوي بيت جدي","· Barbecue","4,0","(5)","Kouba","","","","https://lh3.googleusercontent.com/p/AF1QipM_CbGE6jVlf5iAX8-LGruqejBhuxNb9HnI0rCL=w90-h90-n-k-no"
"Restaurant CARNIVORE 111","·  · Barbecue","3,9","(135)","Bab Ezzouar","1 000–2 000 DA","https://ssl.gstatic.com/local/servicebusiness/default_user.png","""Le ramen, les crevettes sautées à l’ail, glisse, viande .""","https://lh3.googleusercontent.com/p/AF1QipNRPWL_3j2m_BXke5wQGye43jpjGCsodPPCz3C8=w90-h90-n-k-no"
"Grillades Badr El Soltane","· Restaurant","2,8","(4)","Kouba","","https://ssl.gstatic.com/local/servicebusiness/default_user.png","""Les sandwiches sont très bons et l'accueil agréable.""","https://lh3.googleusercontent.com/gps-cs-s/AC9h4nrFhokgZ6oifdaTfbBao7Gjxu_1lKti-jB1UxSEx4HC7Rr5mpI5IYsJcGn_AemoioRXzwo5wjMSrz28SA7plYbUYKJrD6RE92xiEtTsdyGfI1XzJYh-Nf8jcUtB2RdZdriW9yAk=w90-h90-n-k-no"
"Le Perchoir","· Restaurant","4,2","(439)","Hydra","","https://ssl.gstatic.com/local/servicebusiness/default_user.png","""Très bon service, plats succulents, bonne vibe !""","https://lh3.googleusercontent.com/gps-cs-s/AC9h4nogbwM8eJ_c6R3_x0p3xUuo-rSHyuK7YQDb73ae3use_3IFPtlFDmfhp1oOhcXtmEUQ3Uyiih5n9SxbqOYuid2OfekORmOCPMUbnhzJjeljAcPjsCcueworz-RKiYXJdOQT55Ym=w90-h90-n-k-no"
"ChezPetitBurgers","·  · Hamburger","4,1","(208)","Ben Aknoun","1–1 000 DA","https://ssl.gstatic.com/local/servicebusiness/default_user.png","""Excellent burger, pas trop de place à l’intérieur pour s’asseoir""","https://lh3.googleusercontent.com/p/AF1QipN5AFj0BQ-wjw1fcKYHmUmeN_Ui00fJhS70LKyi=w90-h90-n-k-no"
"Restaurant Kotama Grillades","· Barbecue","3,4","(5)","Kouba","","https://ssl.gstatic.com/local/servicebusiness/default_user.png","""Excellente adresse je la recommande vivement.""","https://lh3.googleusercontent.com/gps-cs-s/AC9h4npymgX4acRVGo4g99uHgwsqFcFwX5EuMmYUK-OiooZ6gSWMMJlPDUWSgPUvPQiaHVGlx6i6gixJSJ2zZAhAC50c0h7vbt80iARQM4_4SWrXKW58gM7ZwUU9lgikgV256A1wHflG=w90-h90-n-k-no"
"Levant Restaurant - مطعم ليفانت","·  · Restaurant","4,3","(240)","Ouled Fayet","1 000–2 000 DA","","","https://lh3.googleusercontent.com/gps-cs-s/AC9h4noCHIFv1sdmYmkXxvmcmLcBAoNs5ofSdqKw4l5yOSIDU5p0FhPHCQAb1wGlNwYYcI1WihunrjRZBx2d7teE_XSVDuLbtavOPwr2tP4sJWHxFXtUBVZ7SRXcPSQyeSd1CLnI2N00ag=w90-h90-n-k-no"
"Cotton candy cafe resto","· Plats asiatiques","3,1","(207)","Chéraga","","https://ssl.gstatic.com/local/servicebusiness/default_user.png","""Le barbecue coréen est top !""","https://lh3.googleusercontent.com/gps-cs-s/AC9h4nrQwopeJYpl2H20J1DV-QEE_FvVdwzLh0GSnygQ29Fdn8cb2LdP2IJdFLQfn9dbHiW6fcHYC1ihnHXPu5GSiii69esbc171miGKIFwqoTU1xTgSa_bPsbw1YbqTyJTBh1fl7q0=w90-h90-n-k-no"
"Chez Rougi","· Restaurant","3,8","(17)","Belouizdad","","https://ssl.gstatic.com/local/servicebusiness/default_user.png","""Restaurant de , plutôt bonnes !""","https://lh3.googleusercontent.com/gps-cs-s/AC9h4noV5XkXJsUmQPynBQpedM7wSk1fB2McwjBAH6JAJMIoqKrh9cOXaexHKwOt07kCgJN01xUn8yaFGDe5vX7TKCIL6L15tugCp3rahV1oGTbu5vCUYwegUbyQ6Z_Dom9BcfMQCXw5=w90-h90-n-k-no"
"Restaurant Signature","· Restaurant","3,7","(1,2 k)","El Biar","","https://ssl.gstatic.com/local/servicebusiness/default_user.png","""Des plats unique avec un goût incroyable et l'ambiance est super chic.""","https://lh3.googleusercontent.com/gps-cs-s/AC9h4npRK74ToymAOfEU3iEMAS-fKkhu0kKkKxx9bKf33MkM95xXOSgylO_v-UWsQZNv30vb8Xg3_5GYqDiEZH-yG3YYd_nYNOclfYPecEjeGGXk-Jt25hEJW7akHreDwWQnqdi06fTlnQ=w90-h90-n-k-no"
"مطعم و مشاوي","· Restaurant","4,2","(6)","Alger Centre","","https://ssl.gstatic.com/local/servicebusiness/default_user.png","""La nourriture est propre et délicieuse""","https://lh3.googleusercontent.com/gps-cs-s/AC9h4nrykcUW40h_Z6DQaOpyumFb7W7VVsWhNd6K_YvfkQKUn4jWqz4UCuGZQXpRxzO8Nd_7axJFUFU3ed1GRpriSpEeu2ro-R41CVtAcCfepPpIrQNIuCwXtx0J7PxwEDa7ubb53WgK=w90-h90-n-k-no"
"Rumsteak grill","· Restaurant","1,0","(1)","El Mouradia","","","","https://www.google.com/maps/vt/data=hNImKZ-6Sf2bjaPO0fR2ptBQOUoJVUPXVqU-zyUFVBV5Bn4ivjnF4li-ZApuzxu-FvQL0XXgfpez1ly3a1JUAiNjXEpgi3xa8yM4MbXEpAjHjk346YHyu731UdRSyvsNTa8E4fGTY5HZ32mVbs6OqyZJ2GGxSc1y6OtkyE9ZevFHzA"
"مطعم و شواي المطار RESTAUTANT TRAITEUR","·  · Restaurant","3,6","(32)","Bab Ezzouar","1 000–2 000 DA","https://ssl.gstatic.com/local/servicebusiness/default_user.png","""Bon restaurant pour prendre des , lui manque un menu.""","https://lh3.googleusercontent.com/gps-cs-s/AC9h4no0xbXVS9FlhcXSp3ZJK5mCojxgT0CIwbavPFyPWDAip62E__EPyz0BbQbMcfC6O6-KzWY7nrP8un-TRW0T11OPrz7UntZkv4D2YvMYeWBb83whz54lHRgiIfZjvL5d4H-baVih=w90-h90-n-k-no"
"L'Olivier","· Restaurant","3,9","(52)","Bois des Arcades, Rue de Tihert،","⋅ Ouvre à 16:00","https://ssl.gstatic.com/local/servicebusiness/default_user.png","""Super restaurant, très bien fréquenté, et le service est au top bravo""","https://lh3.googleusercontent.com/gps-cs-s/AC9h4novG-aWjPAfoEGyzbMwE51opfTAU-IDj2SCo89Ho0LXOK3_5E5IIl0MQLHUJy_t-HfBs7v6aOTioO9XcZkcnHzcYzOD7U9AXjgvr-ICwCM_dX6tW6Qgb1IaLmYSCHukyLB8v8A=w90-h90-n-k-no"
"Salad box val hydra","·  · Restaurant","4,1","(107)","El Biar","1 000–2 000 DA","https://ssl.gstatic.com/local/servicebusiness/default_user.png","""Très bonne variations et un excellent service""","https://lh3.googleusercontent.com/p/AF1QipPdZuNe-N7SAl81RtxmMSNipbBC6pDAFPQlEfZn=w90-h90-n-k-no"
"L'atelier du pizzaiolo","·  · Pizzas à emporter","4,7","(329)","Hydra","1 000–2 000 DA","https://ssl.gstatic.com/local/servicebusiness/default_user.png","""Une véritable explosion de saveurs !""","https://lh3.googleusercontent.com/gps-cs-s/AC9h4nqXUHvAjZbju2JDU3lXYfnxgafSVeSnSFzEIpqsNyR8A9kMZKBQeOunNPUo_7zQUpCyyamEh6Zj-rCE3ntmTLinQe9nJK-QaYPVagqiE5WqFnB21y6-HCKN1vdE2bsZaAyZpwcl=w90-h90-n-k-no"
"Spicy Chicken","·  · Restaurant","4,1","(1 k)","Draria","1 000–2 000 DA","https://ssl.gstatic.com/local/servicebusiness/default_user.png","""Pour les amateurs de poulet grillé , vous serez très bien servis.""","https://lh3.googleusercontent.com/p/AF1QipOuING2bUYfSn9OrKJNX0zHK-ManZUD1KOJdzxW=w90-h90-n-k-no"
"JW’s Steakhouse","· Steak","3,8","(94)","⋅ Ouvre à 19:00 lun.","Bab Ezzouar","https://ssl.gstatic.com/local/servicebusiness/default_user.png","""Excellente viande, la déco n'a rien envier des autres JW du monde.""","https://lh3.googleusercontent.com/gps-cs-s/AC9h4nppOe9lQoYF8QLncxXuk8J3MBjMeGdVKx6hz8kdh1H0Z79gMiGNoPaPE-NU5sUr5E9hMnr6apf3dwKmJ01j0zkHGvvG8khrPcRRklpJStnk-YP7PuioDShxwPZ_eNxgofUPdQJ_=w90-h90-n-k-no"
"Restaurant No Close","· Restaurant","4,3","(47)","Alger Centre","","","","https://lh3.googleusercontent.com/p/AF1QipO3oISR01ETAkY9anOs-siCPcColfFa3jGGkzRK=w90-h90-n-k-no"
"Restaurant El Djenina مطعم الجنينة","· Restaurant","4,1","(201)","Sidi M'Hamed","","https://ssl.gstatic.com/local/servicebusiness/default_user.png","""La sauce et les viandes sont excellentes.""","https://lh3.googleusercontent.com/gps-cs-s/AC9h4nolOk0WlPDtr43PMle6GD7xFIT7cjLn_6430Gks-8mSsIhStNh85nzXhqjckitfCdYjNnKNHvUyHZunVvsZ1hjU6TLgyqALDevsTBO8zLsqHFPTzNjHnodszI8y15Eea5jAVylw=w90-h90-n-k-no"
"GRILLADE EL BARAKA","· Restaurant","3,4","(8)","Chéraga","","https://ssl.gstatic.com/local/servicebusiness/default_user.png","""Restaurant assez propre, mais service un peu long.""","https://lh3.googleusercontent.com/gps-cs-s/AC9h4noCv64XVITAS-iwZ7N89KW-zVlSWDMSTkQFn-3BBnqmmRmjDyikw7-LQrKMd0FH9gkxKbQMjKwKSkv4nQXWndbmETaqis4YJ1k2y82QuXcj2NZE8H_J7b41-2rAbjq6UK-pFfIW=w90-h90-n-k-no"
"Restaurant El Riad Draria","·  · Restaurant","4,4","(63)","Draria","1 000–2 000 DA","https://ssl.gstatic.com/local/servicebusiness/default_user.png","""Meilleur restaurant  sur draria 👌👌👌""","https://lh3.googleusercontent.com/gps-cs-s/AC9h4nqmPEU5Q4RkeBA6z5g0eSCcXzH86Mgt_6tBfcA_6ULhTXTfOn2tR7d_48wBXqoo8RkgNlIhrvj8rO8fauTXGQn5sKGpN_f8S1EQwrDkR47yyXvJJoPFuRFURFrNQ1_3FXh6alzl=w90-h90-n-k-no"
"ملك المشـــاوي Le Roi Des Grillades","· Restaurant","5,0","(3)","Les Eucalyptus","","","","https://www.google.com/maps/vt/data=z44-Lhxya32_hp4bvdoiksYSucf697ZhhdXk_s4PxUAoj8ZE3_TrWtqUi6XqrMFWc_XL0Inlzrvj9DC1R2WcxBD9u0APh_vH_rfvIzYzI04ErHhegEigunk7XVBWXBRnCzPykNzlxxRrCtv3mAOwAUSqyWBtoT_NUk6gCGHzTsldFg"
"Le Viand’Art Kouba","· Viande","4,6","(49)","Kouba","","https://ssl.gstatic.com/local/servicebusiness/default_user.png","""La nourriture est délicieuse et la qualité de la viande est remarquable.""","https://lh3.googleusercontent.com/gps-cs-s/AC9h4nr2Ob-MoLyEIRH-iEfxhlniLfuJMiC5C2_ItpQzxlEw4GVbbFNmzekhRjMwGujP6Qr86oCFLndHoXtzHXxCSm3QMdS4ckrcNqiS5UocD7hdgyJNg5fDjU5L7q5k4ETucZtmQ41DFw=w90-h90-n-k-no"
"Cezam","· Cuisine gastronomique","4,1","(368)","Dely Ibrahim","","https://ssl.gstatic.com/local/servicebusiness/default_user.png","""La qualité de nourriture est correcte, la viande est exceptionnelle.""","https://lh3.googleusercontent.com/gps-cs-s/AC9h4nqbVUKQT13trdExqWdb1R0wdYc0zhqkFeD3CvwBDO3MgdfQOuZg1BKC-q0NxNX96n8VW2h7qmb0pwGrrfcm50478x8urg6b7drqO13qiABqbfrf9Oa0bq8YANUE0YILHVRzUtAa=w90-h90-n-k-no"
"Ihab's Grill","·  · Barbecue","4,1","(34)","Rouïba","1 000–2 000 DA","https://ssl.gstatic.com/local/servicebusiness/default_user.png","""Cadre agréable, service bien et viande fraîche.""","https://lh3.googleusercontent.com/p/AF1QipMiazvXgF3P0ENC7mUtpepo0Skb-sPckAN2VhUj=w90-h90-n-k-no"
"Restaurant cherchar","·  · Restaurant","3,4","(15)","Belouizdad","1–1 000 DA","https://ssl.gstatic.com/local/servicebusiness/default_user.png",""" excellentes en extérieur  je recommande 10/10""","https://lh3.googleusercontent.com/gps-cs-s/AC9h4npguyHsgksNJw0wxWT51-IvNQ9jaZulnl75G3docYjj_WNlKn7K2sp7hcIgl0q8_ChPB9h4uot69YLUZUZZzscFxQbUyw_Yk8L_NU59u0IkTnUHATBuQ0ZeVlzMAiBeVmcoZXOZ=w90-h90-n-k-no"
"Restaurant Classico","·  · Restaurant","4,1","(471)","El Biar","1 000–2 000 DA","https://ssl.gstatic.com/local/servicebusiness/default_user.png","""La cuisine est délicieuse, très bon accueil et le service est rapide.""","https://lh3.googleusercontent.com/gps-cs-s/AC9h4nqFgkMymzk6n75YGzyaI1ojTgrSI70pbFWcSSJD7Ez4RfRIqIGiIWeCUUxAfzo5A1YATtwFkf7XwXJkgzLTxZNCxFng1fCxKin7eLoP3YpllaAwu-EEzPticB6bxZbO3ujwEcLseQ=w90-h90-n-k-no"
"Billy's","·  · Restaurant","3,3","(280)","Hydra","1 000–2 000 DA","https://ssl.gstatic.com/local/servicebusiness/default_user.png","""Les burgers sont généreux mais la qualité n'est pas au top.""","https://lh3.googleusercontent.com/gps-cs-s/AC9h4nqV3IBou0smH1kgckbXlIyfOJyOZ26gNsCIs6Apjb8QXyZNlKdzWlxuX89gWHss2nl-aliu63g1juJREqm7I55MXHik31sHOHWNkBscIQY6vuYzSXjMF7sFLrAoQZ770OWZiExEig=w90-h90-n-k-no"
"Nice food","· Barbecue","3,2","(31)","Bab Ezzouar","","https://ssl.gstatic.com/local/servicebusiness/default_user.png",""" de bonne qualité, préparées au menyo.""","https://lh3.googleusercontent.com/gps-cs-s/AC9h4np6VVfnI3NwyYg1_g_UVDFuutDaoJllNTvdBFfDWvAAOXzSogV5ESYmdVC6z716or3z85JZrenHPUPyhlPQVDyY3J7BMw5CxnOg_zFcfujs4B8Jw16agzhz0iExO_7QpU0ttRWPDg=w90-h90-n-k-no"
"Chanfara grill","· Barbecue","3,1","(9)","Bordj El Bahri","","https://ssl.gstatic.com/local/servicebusiness/default_user.png","""Restaurant à essayer à Bordj el Bahri""","https://lh3.googleusercontent.com/gps-cs-s/AC9h4nq9U4CYxLuxJ3bthyEfObf234GKELXuL3D8O1Y9ejmN51yIC0uK3dM9nb2CqRqjDbUhFf3Cj5qWtYPPmfsB5xl8e-pmlpREUMpLIEjZ-z9ugaynY6iuy1YJ8wU4G2nR1f9Dx-ZX=w90-h90-n-k-no"
"Rouad El Andalous","·  · Restaurant","4,0","(480)","Bab Ezzouar","1 000–2 000 DA","https://ssl.gstatic.com/local/servicebusiness/default_user.png","""Très bon restaurant j'ai manger déjà les  vraiment délicieux 😋""","https://lh3.googleusercontent.com/gps-cs-s/AC9h4nqPUVX1JUdguxsY-PhxzpMWXmL-aLOsRig-n_9240RmF7A5ctdOHsX_aBSMOGZ2a2yfbaz_oNsb_9na-809FCEILDpTifQFasWYMn_peAG6L5vkOXU55j3289IoDWZ7dz8zMuhZ=w90-h90-n-k-no"
"Meat to meet Room","· Restaurant","5,0","(4)","El Mouradia","⋅ 15:30","","","https://lh3.googleusercontent.com/gps-cs-s/AC9h4nqK0dmOwGdooUvElsReoNYCDw3EKXfiLz9dCAX_K1qgxCwQtlAS_upt2VueS7SvwHgYKY983-sfNfMbFSRe5Fyh3rNLmNq7957F6jY968c-fS9vK_OatHKSThpYSuI_qo-Zu6L6=w90-h90-n-k-no"
"La Palmeraie Restaurant مطعم النخيل","·  · Restaurant de cuisine traditionnelle","4,1","(432)","313 Coopérative El Moustakbel","2 000–3 000 DA","https://ssl.gstatic.com/local/servicebusiness/default_user.png","""La nourriture est délicieuse les repas sont excellents.""","https://lh3.googleusercontent.com/p/AF1QipNkFCCZC8u8VMDIaRgjAyHFnUk4DCgjzchaDZpa=w90-h90-n-k-no"
"Restaurant Le Grand Phare - مطعم المنار الكبير","· Restaurant","3,4","(105)","Draria","","https://ssl.gstatic.com/local/servicebusiness/default_user.png","""Restaurant de  correct sans plus, le service est bon.""","https://lh3.googleusercontent.com/gps-cs-s/AC9h4npRoelGMmDKYHuXKit_R4r_6O41WHXgyFEmeNmcC5I6_w08ZSi2kJh_TLRxXW0myfmTe_4qh1Wt6aEtSb7TUGgdzmhIx7cNLibZ-n_IJ9G3Lghcwr0beZUek3TVS9X1NzHak0caVQ=w90-h90-n-k-no"
"Bell'ys","·  · Restaurant","3,7","(602)","Dely Ibrahim","2 000–3 000 DA","https://ssl.gstatic.com/local/servicebusiness/default_user.png","""Excellente viande maturè, service professionnel bonne continuation.""","https://lh3.googleusercontent.com/gps-cs-s/AC9h4npORldH0DdSfzP4g97VtK353CrHsCA0BK7ammBzRSmg6eWpvam4yaaK3WOG7q77znNrJzp3fWJrHVZ8mhU6K1J1YqT4p7zxDz655n7PymGOFOrL1i1ubSTUAXYHypbDHpmj3Ju_=w90-h90-n-k-no"
"La Presqu'ile Restaurant Poissonnerie Traiteur","· Restaurant","4,3","(424)","Bir Mourad Raïs","","https://ssl.gstatic.com/local/servicebusiness/default_user.png","""Resto assez agréable et nourriture sublime 🙌""","https://lh3.googleusercontent.com/p/AF1QipMxAm3DJTNUd-n0ASYkkAwKMPklpESljlhTFyeC=w90-h90-n-k-no"
"Miro restaurant","· Restaurant","4,2","(83)","","El Madania","https://ssl.gstatic.com/local/servicebusiness/default_user.png","""Service très long 😕la bouffe est bonne 7/10
L’ambiance 10/10""","https://lh3.googleusercontent.com/p/AF1QipPDZNWh9JKKUNxoms1fNmIC2ftZmgRqcEm1r4Lz=w90-h90-n-k-no"
"L'avenue","· Restaurant","3,9","(506)","Dely Ibrahim","","https://ssl.gstatic.com/local/servicebusiness/default_user.png","""La viande est très bien présentée et la cuisson est juste impeccable.""","https://lh3.googleusercontent.com/gps-cs-s/AC9h4noYGp-BzdD26WY6_3_JlpkUZazpKMsXm3av8RL79mWPbhLxtp4DW88fAMbjUMyUGhezLOo8R8LIg-uKJNjis6BoF3FGlzhwV5Yq25x35NmEphGfGxN1tgV1DxZ0b-dOP4r-9_w=w90-h90-n-k-no"
"بيت الشواية","· Barbecue","3,6","(16)","Birkhadem","","https://ssl.gstatic.com/local/servicebusiness/default_user.png","""On mange bien""","https://lh3.googleusercontent.com/gps-cs-s/AC9h4np82Ym6hCG4eZDtE8QIl4XlhWwPg9Rp1KcdZSDhJT-8PSK97_N1q5q8J9r6Wk3w2ia2Ia6x63hW04xpifIhQoqvrESUT2TRFmMhfYp80P124PPvl9IgCidSTNH7jxodCYtcMKoWiw=w90-h90-n-k-no"
"L'etalon","· Restaurant","4,2","(115)","Sidi M'Hamed","⋅ Ouvre à 19:00","https://ssl.gstatic.com/local/servicebusiness/default_user.png","""Repas excellent, ambiance et service superbes.""","https://lh3.googleusercontent.com/gps-cs-s/AC9h4nol0bb0TxbSLRnx_QI2otkl9IE6R-TGgNvMG7_N8WaIoZBscwgDz9uGTdRPbuXSnT0psXRxUTtyW842bfNQzRtHYlZkTxi03e3rsYMdFb7VAJlwStlcpqtDQOnXc8A28BVMxbX3LA=w90-h90-n-k-no"
"Bait Dalia restaurant","·  · Turque","3,5","(169)","16000 alger","2 000–3 000 DA","https://ssl.gstatic.com/local/servicebusiness/default_user.png","""On a pris le mélange d'entrée et 1/2 kg de .""","https://lh3.googleusercontent.com/gps-cs-s/AC9h4no1TrQFOI1fiy3Lc-JhiIrvWxkjzuayFBK2DE4XrBxrwVuSisHc3RcQC7Vh9qatUg6jgUerc3sqBAs7uFzutk7Yz4lrTRn0UlT2B2cOFpOLwqDeHGdsxBZGAsIMpRqGo0_QBgLF=w90-h90-n-k-no"
"Chawarma Sidi Yahia","·  · Restaurant","3,9","(83)","Bir Mourad Raïs","1–1 000 DA","https://ssl.gstatic.com/local/servicebusiness/default_user.png","""Tres bonne chawarma tout simplement""","https://lh3.googleusercontent.com/gps-cs-s/AC9h4nrYAbA38K4AWQ0LeJLJcp4MkRo_C342nTECSFl6kuu1RganoKg59gfmDzKbw6tRr49BoCSdJV2btLxUgbn8wDPFKca8hc_6PxM7-DickOSVk7FYkZZpCE6D6riPR_O2vCER0L8Q=w90-h90-n-k-no"
"Restaurant","· Grillades","4,7","(3)","Bordj El Bahri","","","","https://lh3.googleusercontent.com/gps-cs-s/AC9h4npGwd9snjdRp02WR6f3XQQzinO8MH05MyDanl1h8wK_q8VvTyFZ9NOiwMxPg9rX996nx5vJ0j_1nV9tQ8HPyZ5HKeXpmZf_2JBqE4RKvjI2UtRsbhfb-uNX1GqPuaApFYc1zMu_=w90-h90-n-k-no"
"SaladBox Sidi Yahia","·  · Restaurant","3,9","(88)","Hydra","1 000–2 000 DA","https://ssl.gstatic.com/local/servicebusiness/default_user.png","""Très bon, sain, pas cher""","https://lh3.googleusercontent.com/gps-cs-s/AC9h4nrCOqaqVNlih_869DIL0AmCPl_Fh435Gb1SYquZDnLbKdoCUxQnBsafv541HyZYc5Zu3vw9I_fIy20PDM_Vdz8MDaXmioJWCbqDp1PA93cp-eRikP7R4GU9aG3xqxkBN5aiyXZyrA=w90-h90-n-k-no"
"Restaurant Benamara - Grillade","· Barbecue","3,6","(18)","Staoueli","","https://ssl.gstatic.com/local/servicebusiness/default_user.png","""Le filet à 1800Da est très bon.""","https://lh3.googleusercontent.com/p/AF1QipOu1UCs9CPJkP3XEpcaMc8onEJG5os5pFRMLfto=w90-h90-n-k-no"
"شواي الزعيم","· Barbecue","3,7","(23)","Bachdjerah","⋅ Ouvre à 17:00","https://ssl.gstatic.com/local/servicebusiness/default_user.png","""Viande tendre.""","https://lh3.googleusercontent.com/gps-cs-s/AC9h4nq1IsPexBYhWNHlFqeid7e0vZY_0iwm5VdQ0jr_qicrxMFK3jUH7v3rsT6eI1SD34BMgnrlKMMsKO8EVynCfn_jK7Jt2f8uxAuA45CpJ7O8j8Zxr7dbWF7f4ud7LKBfTKmfAC5F=w90-h90-n-k-no"
"Food Braise housse","·  · Barbecue","3,6","(11)","Djasr Kasentina","1–1 000 DA","","","https://lh3.googleusercontent.com/gps-cs-s/AC9h4nos3pfedtM4xeQyDHHsZ_CJJxPGoATl8QAToleTtyrtQDH1zhTNQe2Oqa3cm-MpwgT7QEOpg4CCCN-HJZcZpJIkMpjG0d4q88KOAOocNEC9HGFK9b2Zj_6PnLI2B1gPA_OGqKNO=w90-h90-n-k-no"
"Le Saignant","· Restaurant","2,7","(24)","Hydra","","https://ssl.gstatic.com/local/servicebusiness/default_user.png","""le meilleur de tout Alger pour la qualité des brochettes du service.""","https://lh3.googleusercontent.com/gps-cs-s/AC9h4npMNqSljDt4RXTy-eEFI08Q8as3ij0fIUBR_IouAedX1fnWsEZv8abnBrvmgtLnNknhQ4FBinaD9M4n_KOmzw6N6lmH0PfEYbHxFkaqyvYufcJ7TxXfhDEGN8Zs3T72vm0GsouA=w90-h90-n-k-no"
"Restaurant hicham cook grill","· Barbecue","3,7","(1,3 k)","Ouled Fayet","","https://ssl.gstatic.com/local/servicebusiness/default_user.png","""Excellent service ⭐️⭐️⭐️⭐️⭐️
 exceptionnelles 💯
Service impeccable""","https://lh3.googleusercontent.com/gps-cs-s/AC9h4nou7dk0HgruFwvvsT0f_IOAW1od-_96j0n_oirTZgabUKTOd6AjTNKzlAvT6l84jXfZIek-u4TjZN7QtPsvkZPw3_GcQLj2mtOVfCRVhxxpq4O9oTlK2hnmDHjXbejDQxLc0w=w90-h90-n-k-no"
"MY chiken dz","· Barbecue","4,5","(4)","Birkhadem","","","","https://lh3.googleusercontent.com/p/AF1QipMsUanIGPYYS9fGxDetxAfbE79dHbpaTlLxnos=w90-h90-n-k-no"
"Restaurant La Brèche","·  · Restaurant","3,9","(145)","Bab Ezzouar","1 000–2 000 DA","https://ssl.gstatic.com/local/servicebusiness/default_user.png","""Ambiance Familial
Indisponibilité de viande d agneau et du foi""","https://lh3.googleusercontent.com/gps-cs-s/AC9h4npaZZbSpWH-AkpwCaRipfBPphzMNTGMtGcj-ge-Thyx1p4arNdzmj9CDhdko8tXbH-Ql8VZ4vnQRP70GlP2zlo9WlXu_LmesDwuWq4qf53hvFREbHzeJKKvAX2pSylI9RymnDxg=w90-h90-n-k-no"
"Tandem Restaurant","·  · Restaurant","4,0","(169)","Hydra","1 000–2 000 DA","https://ssl.gstatic.com/local/servicebusiness/default_user.png","""Et la nourriture est tres bonne.""","https://lh3.googleusercontent.com/gps-cs-s/AC9h4nqMJgiJoyRu0gpeV6OxQbqmLWkq3wL-o46tu8eDwp4bWzEvbkbni2Ld6I-HQXEP0x9Im8aMlxbiO1gA2E6GsZTLgn-WNKhVj2y2O5iCIlJehv6LSlterj3s5dzuG9D4HPAXVedJ=w90-h90-n-k-no"
"Restaurant Le Tyrolien","·  · Restaurant","3,3","(135)","Hydra","+ de 10 000 DA","https://ssl.gstatic.com/local/servicebusiness/default_user.png","""Un très bon restaurant surtout les ""","https://lh3.googleusercontent.com/gps-cs-s/AC9h4npSyAI4LsEOVME28GWiV-AQI4013i0H7x7z2afYbe8shD9-wNyhu8pkgKvKHRZ8bkJDTzXXowoUZEmQdIP_QLCShWcEA2gxDbJqg5Qtkax50ULHFJRrpGEnt34wppj-ErBaZJpe=w90-h90-n-k-no"
"HotSpot DZ Restaurant","·  · Restaurant","3,9","(582)","Kouba","1–1 000 DA","https://ssl.gstatic.com/local/servicebusiness/default_user.png","""Brochette espetada delicieuse et service top !""","https://lh3.googleusercontent.com/gps-cs-s/AC9h4noWEnqrVN4WIzm-N7GlJmD3yDaKwpsfUPLUKXJcwYezDFbd9jFwYpwlSeOVNgdSwrdXCpAOrNclCH8DDwRkucujbe2n5gani5yCLjcAhc8HLtrjgi1VFLG-b7ahAlKUYQQrRuMrXQ=w90-h90-n-k-no"
"Restaurant la griffe","· Barbecue","","","Sidi M'Hamed","Aucun avis","","","https://www.google.com/maps/vt/data=Gj-gAsu0ItWCXZkCEsJ0b1QxZbSs3whQUomfydN-dLs6HylT9YOr50wMHm8dAd0UOaUsc_xMpOalH1UluvAADEOFbIrwf7vUp5y76-Je9TeWAD0zSZbtmOInRLPaDaUqLivfMxfr1luB3IblqRY0eNOk1B2BCmxnnnGu32gE54BkzA"
"شواي الأوراس بئر مراد رايس","· Restaurant","4,1","(30)","Bir Mourad Raïs","⋅ Ouvre à 18:00","https://ssl.gstatic.com/local/servicebusiness/default_user.png","""C'est frais et  délicieux service et accueil chaleureux""","https://lh3.googleusercontent.com/gps-cs-s/AC9h4npUCRJ1BzDf_B93dJ5UXCC4kkf9BDX32EI5XyWAeuBhZmrw_wZ90_9rhGybbcsccggvfCeYyUuqo_BDzb4kxt7a3Yy5AdM5IvEZotrEE9V1uiOWdywezMuk6psEErLtc7_gwFU=w90-h90-n-k-no"
"La corne d’or","·  · Restaurant","3,6","(72)","1 000–2 000 DA","Hydra","https://ssl.gstatic.com/local/servicebusiness/default_user.png","""Très bien surtout chicken burger et chesse burger""","https://lh3.googleusercontent.com/gps-cs-s/AC9h4noe8F96ZIFCBDi7NebbJMps5KiJrODsb0tkyZ-shmuttB947rhrzeBXay5NjhlvEOThAVaNFm6_nnAyDx98SDVBN-oWNd61WuubCEHQNmqe5IO-9vq4h1dZkXN-ReYh8dh0EMkT4Q=w90-h90-n-k-no"
"Grillades vieux restaurant","· Barbecue","","","Q328+2F9, Ave Mahmoud Boudjatit","Aucun avis","","","https://lh3.googleusercontent.com/gps-cs-s/AC9h4nqIYjIe-mkNzrAmMrCyov5afpQuUfxkbXCWlN6p45hzHM8xHP4yhkl_kapBYC3SH5Se8sbrrrkSnfSAF7JMpwtq6XyIWC8tGjmVzO8hlE8KXit5PYoO106l_Tuf5T8bDyFWmtnq=w90-h90-n-k-no"
"Restaurant Les Sources","·  · Restaurant","3,8","(93)","Bir Mourad Raïs","1–1 000 DA","https://ssl.gstatic.com/local/servicebusiness/default_user.png","""Très bonne cuisine et bon service plats et  a conseiller""","https://lh3.googleusercontent.com/p/AF1QipMWPASe9YwmQi3Ull0-W4TC_PbSpMJ-oBvkxaSV=w90-h90-n-k-no"
"Restaurant la salsa","·  · Restaurant","4,3","(115)","Bir Mourad Raïs","1 000–2 000 DA","https://ssl.gstatic.com/local/servicebusiness/default_user.png","""De la bonne cuisine je recommande""","https://lh3.googleusercontent.com/gps-cs-s/AC9h4nocyX-CScfrBnReyt15vKezWmgxxSmVS8MEfQHeiZDQsnImtW1_9FjsvpNhNWf36GnSKJ-fFtl7pr4ll_qEW9d5g_rdv0w5CFLR5q8DphMrzdXdgm9punURMHx7KhL3t54YDpfI=w90-h90-n-k-no"
"Casa Bella La Grande Terrasse","· Restaurant","3,5","(83)","Draria","","https://ssl.gstatic.com/local/servicebusiness/default_user.png","""Repas en famille pour 6, service très personnalisé et bien accueillant.""","https://lh3.googleusercontent.com/gps-cs-s/AC9h4np_xxaluyp16uOoifKaHgXMoq9L0O2X3M5NYST-NR-1hjpZVwMbQodI6gnaY2xND1cHAHZeelv_eGZWtkTVQZtQl8MTqJpZ29-sgMLNXUAkmzsFp5JFCtaOVt6lhKPYgKWjTrU3=w90-h90-n-k-no"
"Le Bardo Restaurant مطعم الباردو","· Restaurant","4,5","(346)","Sidi M'Hamed","⋅ Ouvre à 19:00","https://ssl.gstatic.com/local/servicebusiness/default_user.png","""Superbe cuisine bonne ambiance  service impeccable rien à dire""","https://lh3.googleusercontent.com/gps-cs-s/AC9h4npnKMTaUt5UasDBiHbl1lVzhM9wowZmPno8P31YFkl0KkfN6qayTDP5fnCn6-eY7H1wMtBmlYhV0pb11T2DBhTzzwT8HUFulQxBHBfRQbUBZ_dpycYP3Jrc0YarPTJ4jLdjfCh7=w90-h90-n-k-no"
"ABRA KEBAB BEB EZZOUAR","·  · Restaurant","3,1","(234)","Ben Aknoun","1–1 000 DA","https://ssl.gstatic.com/local/servicebusiness/default_user.png","""Un kebab qui n'a rien à voir avec le vrai kebab.""","https://lh3.googleusercontent.com/gps-cs-s/AC9h4noSNYDXS4xjBaioM1tCMAr2OCBMNFbCyOu3FswqFNgClGcsLoGHchSfHR8S9CZ9e4UmMIsUy6HCJWIfqYhV1NO4QFGLq6F9EQezA5tkhKQy1Z4-UXkniQEUzCsT-9i7vdrWEfdt=w90-h90-n-k-no"
"Le Tantra restaurant","·  · Restaurant","4,0","(451)","El Madania","+ de 10 000 DA","https://ssl.gstatic.com/local/servicebusiness/default_user.png","""La nourriture est délicieuse et l'ambiance est géniale""","https://lh3.googleusercontent.com/gps-cs-s/AC9h4nroRoW4BWE6IaTgGDwSqmtzYDTtfpPvUwV_D5l17c58AnBpdeooBHzt5LI7MZ1G4b2KnKfq2kbRuYg2RoUfu4MLDkpF-md3gdXfyjFkyu4zFp2BD9leSMorJi4_mzx_UZjG1mA9=w90-h90-n-k-no"
"Restaurant Rahet El Bal","· Restaurant","3,8","(224)","Bab Ezzouar","⋅ Ouvre à 18:00","https://ssl.gstatic.com/local/servicebusiness/default_user.png","""Recommandable.""","https://lh3.googleusercontent.com/p/AF1QipPtMkNNlJo5Mro7o_pBFfAgQFISs0DzDGGFmYol=w90-h90-n-k-no"
"Restaurant Kotama Draria","·  · Restaurant","4,4","(60)","Draria","1 000–2 000 DA","https://ssl.gstatic.com/local/servicebusiness/default_user.png","""Bonne ,  service rapide et serveur au petit soin .""","https://lh3.googleusercontent.com/p/AF1QipP_4skkpPQ83Cv0GAs2WBza1IedfNN7JmAYCUof=w90-h90-n-k-no"
"Le Loft","·  · Restaurant","3,8","(176)","Chéraga","2 000–3 000 DA","https://ssl.gstatic.com/local/servicebusiness/default_user.png","""Ambiance top, nourriture top, service top,résultat sur photos a l'appui""","https://lh3.googleusercontent.com/gps-cs-s/AC9h4nqDl3dWZHa-2VxVaJ5HXtHBq2OtzOlPJ7ZrkSJPQhgjpdeeZcXbyZ1cGByHUZEimbld3s7Lqttn7CSnLkl3URbKUbp7gjz0_cCvq4QCAB2MSQfy3S_uhCIQ7sYMjL0wVmtVjsQ=w90-h90-n-k-no"
"manger frais","·  · Fruits de mer","4,2","(123)","Aïn Benian","2 000–3 000 DA","https://ssl.gstatic.com/local/servicebusiness/default_user.png","""Vivement recommandé.""","https://lh3.googleusercontent.com/gps-cs-s/AC9h4nqy_o9wcigK1yt69IzDvi1I-9lIEZ19DozI-glgs5Zlfl0Hr7OI1gOV98l5Ae_6JES_HjX_FXWe0Lnm9la2PTdoOQkGXLhP4XX_mIIb_Zjg-FFIcPRYm9-hmMfcfa6jJZ5b6Oce=w90-h90-n-k-no"
"Bonsai Restaurant","· Japonaise","4,3","(439)","Bonsai Restaurant","","https://ssl.gstatic.com/local/servicebusiness/default_user.png","""Coup de cœur pour les spring rolls et yakitori fromage excellent!""","https://lh3.googleusercontent.com/p/AF1QipPPOcUTHepUYj4_TvUvczDg3mAOtG6XdONqW-DD=w90-h90-n-k-no"
"Be Beirut - Restaurant","·  · Libanaise","3,0","(366)","Chéraga","1 000–3 000 DA","https://ssl.gstatic.com/local/servicebusiness/default_user.png","""personnel hyper sympa,poulet crispy très bon.a recommander""","https://lh3.googleusercontent.com/gps-cs-s/AC9h4npv6bQyaPhJuIryg1kGA_nlAfL9puYOaPkVXaFQ-aofigip0qiIUHjnkwSYAoq23oOV4R7aiWXldVi--khej0XIw8uOVIvSFG0BhUUAgYARNREJag8BfnijM0s_HZMX-UXDshsZ=w90-h90-n-k-no"
"Restaurant Poissons Bab Dzira","·  · Restaurant","4,3","(37)","Bir Mourad Raïs","1 000–2 000 DA","https://ssl.gstatic.com/local/servicebusiness/default_user.png","""Service rapide et plats délicieux""","https://lh3.googleusercontent.com/gps-cs-s/AC9h4nrq249ufZ528DnyK6FwPYKqVSzwKFGBr-6js0U7uP2J2mrP8ygOMlqVtIHhRl0GYEX6JqPtagPDi9DioKmtFkOm0CmocTcmB0MaPO75Zw2N_HaNca_80UkOf8mStv_YRcHQTX07=w90-h90-n-k-no"
"Fast-foods Kebda","· Restaurant","4,2","(35)","Ben Aknoun","⋅ Ouvre à 18:00","https://ssl.gstatic.com/local/servicebusiness/default_user.png","""Le gars a servi la viande avec sa main.""","https://lh3.googleusercontent.com/gps-cs-s/AC9h4nrrLVjSeU9TVGHUFH_R472M6VgmV_0Pqn0LSK9aammyt8yQ9JIrclZffAkUnnjCGCy8JzqRTadi1RXGgqB0s_RHpdPO0hMg3OXLKhAr-tnbSqxr86S5JHpLDgycjTiAb0izv0Eh=w90-h90-n-k-no"
"Resto 1","· Barbecue","","","Alger Centre","Aucun avis","","","https://www.google.com/maps/vt/data=QynBpxm9SQnfZ3PHOK4XkQ-4yu_DRh_RYbhMu3TqIWsMOKe5mexPj8-P6yI0Z-Cr0fYlR67oMqUVnbmGbDpqspkK4xJZWTlaBpUiXYhqBeN4pbUNu6rODjAQXntzupinasy3FghYrnJzwR1KcMRh4hLyMHA8RqCXO6-_8RxW9gZuMw"
"Zg rest&sweets","·  · Plats familiaux","3,6","(195)","Birkhadem","3 000–4 000 DA","https://ssl.gstatic.com/local/servicebusiness/default_user.png","""La nourriture est de qualité et bien présenté vraiment rien à dire.""","https://lh3.googleusercontent.com/gps-cs-s/AC9h4npN2N9FIBZEIqa7GYMudTUoKkE72IAo7OUbwNN53I1Qde2q3jU5LHd557J1BnTLH5syjeDj9v1AzIxR_7wDApEsykJIAwKzipIl5vtNjabvOPmuN4IawdffUO_0cj6LFafQGprrrw=w90-h90-n-k-no"
"Restaurant Warsnis","· Restaurant","3,9","(41)","Birkhadem","","","","https://lh3.googleusercontent.com/gps-cs-s/AC9h4nrjZEZ3EsW9TIRCKJu8J2vuuTYbyzqdpEDjVSdG69ohFleecmFrIb6y2bQAMmVREXnPKGJZvffTqm_-LgxU5jTqwc8agnhwuuShIneeRbqpQ-u6tG8JGyu5KTr3mG0aSoHpCnzxrg=w90-h90-n-k-no"
"Restaurant La Casbah","·  · Restaurant","4,4","(132)","Mohammadia","1–1 000 DA","https://ssl.gstatic.com/local/servicebusiness/default_user.png","""Plats cuisinés, poulet rôti et brochettes variées.""","https://lh3.googleusercontent.com/gps-cs-s/AC9h4nrPV4HWljGut8_JdurV4y2O2ponkdSYXDscIYeqrdPh4BlqirbTnfJ3oWNNZ_izX92HtCC47PnWeSi5-wgqDD9gP3vNSLX4QWDec3P5nus3HWiSX6sz-zRDZg8JHzufXQqGAVJI7w=w90-h90-n-k-no"
"Le Potager","·  · Restaurant","4,4","(154)","4 000–5 000 DA","Ben Aknoun","https://ssl.gstatic.com/local/servicebusiness/default_user.png","""La cuisson de la viande est très bien maîtrisée.""","https://lh3.googleusercontent.com/gps-cs-s/AC9h4noilLPYNPTeiY4ufXoS0x-15lB7SCCh4kyfV3HABaEmvFUXidwUMH6iR-SsFySZgS732lj_TmBA0VUop5s-p9fyyt7WqZAWaQkUoRWcFAKa59WIwjpEkuP7QIlS5oEgC_CA4H6loA=w90-h90-n-k-no"
"Taste of india","·  · Indienne","4,1","(231)","Ben Aknoun","1 000–2 000 DA","https://ssl.gstatic.com/local/servicebusiness/default_user.png","""Une expérience gastronomique authentique et délicieuse!""","https://lh3.googleusercontent.com/gps-cs-s/AC9h4nrs0Org6aFdELTL8oZI0FYpD2ZKvglwSLH5taDn1VDpak6rdNOehjGgFvp9gpWJML9WNqqlvXoGy_kAGhWQEmOKplHsM3Z0Y3J1dqANF-khtuVGUbpKD86YBRzMMBT11WMZ4Ek=w90-h90-n-k-no"
"PEPPER","·  · Restauration rapide","4,0","(272)","Hydra","1–1 000 DA","https://ssl.gstatic.com/local/servicebusiness/default_user.png","""Meilleur burger, qui est croustillant là avec des tender cela""","https://lh3.googleusercontent.com/gps-cs-s/AC9h4noNoMJFyPNBQD-dO8TtYmSlsQj4eWLlUXAcf091MU4jDYKCZtUBI9mUVgBePUMGhLsFi8TPCh61rJEn4Ubjh4mPYQiREXdY2D2R-o1AEW2iyKVuYuQrvWlG5x3bJUL693cMG9h06g=w90-h90-n-k-no"
"Restaurant El Bahri","·  · Restaurant","4,0","(100)","Bordj El Bahri","2 000–3 000 DA","https://ssl.gstatic.com/local/servicebusiness/default_user.png","""Très bon et copieux""","https://lh3.googleusercontent.com/gps-cs-s/AC9h4npG1Xn5MN3JVQk9ROnA2BQfvsRnkb1bcbNmWn406E_Gb2NYqOw2xOdh3lX8085dkj9yIWX01o_hed_eQeUSYnKMDo8DzRmyRCjH-i5h-6hKcBgB-QKudsIVLfVJQVIo3xoGaY7O=w90-h90-n-k-no"
"La Villa - Seven Times","· Restaurant","3,5","(467)","Dely Ibrahim","","https://ssl.gstatic.com/local/servicebusiness/default_user.png","""Pain excellent, nourriture correcte, cocktails moyens.""","https://lh3.googleusercontent.com/gps-cs-s/AC9h4no_5WpU9u5Cksm-ppjMYFdn2LjxL0KaoFquv53DrDRok3gf70p6o30FGO7OjzC5oz2YR0tRwCOEpGcEgMjECClePwo2FVUnJpPT3axIjfa-xYxivteKpnoG-qiSlVEAIx67zbYh=w90-h90-n-k-no"
"selectabeef","· Boucherie","4,0","(41)","Chéraga","","https://ssl.gstatic.com/local/servicebusiness/default_user.png","""excelent boucher, viande maturée superbe !""","https://lh3.googleusercontent.com/p/AF1QipNZRltOKvQG0MiiKO9eg9sPu4Ok9rzv_PMUU41g=w90-h90-n-k-no"
"L'ENTRACTE DRARIA","· Restaurant","4,1","(762)","Draria","","https://ssl.gstatic.com/local/servicebusiness/default_user.png","""Très belle expérience mais la nourriture n’est pas trop incroyable""","https://lh3.googleusercontent.com/gps-cs-s/AC9h4noJckazfmrW7zZ5wFLbw2ByEZIRoEP5EDcqJXSparJMS21wb2X7sHDpBZfmaO4VWmq-YbLe9Jj-bjK1vhkeXirP_kAlNIh8OPBZj0dN6t_1oPvds4Nptq8GQWRXRvb90O6shmRf=w90-h90-n-k-no"
"مطعم الفخامة","· Restaurant","3,5","(697)","Les Eucalyptus","","https://ssl.gstatic.com/local/servicebusiness/default_user.png","""Très bonne cuisine,bon service et atmosphère conviviale.""","https://lh3.googleusercontent.com/gps-cs-s/AC9h4npD1ONiDm3xhLLsk8dDwEJlD5tu_7sg5vYmH50P5zLCfR2fLBQguszBeD2I60PYWQsHBLq8q9PILXTjeHUprQHKESf1ebKwFcaOghTAb2p9ZrnKMtQfxa3OHnHZb21LSnuUPKjd=w90-h90-n-k-no"
"Resto Syrien Poulet Braise","· Restaurant","3,2","(6)","Kouba","","","","https://lh3.googleusercontent.com/gps-cs-s/AC9h4no9R7XJIaoE3XUTk4I6VcqnYgJ08xr8yZVRrmWwd0sPUFEMmKOZpO8lzcbTMoitBYxG0ILS_0MW_cfVRY08uqWiEttKJxPFX2Q6yWCgCj6mvl8yGoiBoxbVjZp6wdPMEtiNSjksgA=w90-h90-n-k-no"
"Poulet 3la jmer","· Barbecue","3,6","(5)","Chéraga","","","","https://lh3.googleusercontent.com/gps-cs-s/AC9h4nr8jscwgO_bfdeJC7ivJW_p0mOF0J6IQngoyRz2y2DcNyTc9rfxORx7EC3gIxOIgNr-BJZNbMgi_OMbaPVKr-SghiXlk6vB9DCHz8PatEJRAffw3LguoeGDn_X8pcMU3s4Pl7PFZQ=w90-h90-n-k-no"
"MIM Restaurant","· Restaurant","4,4","(273)","Dar El Beïda","","https://ssl.gstatic.com/local/servicebusiness/default_user.png","""Tout est magnifique sauf ce plat : beef ribs El MONSTRO.""","https://lh3.googleusercontent.com/gps-cs-s/AC9h4noeFlefmGwPOuyPjpNqBb5ssGvhNPR27y1z99gyJEqphGIth4qMbcxMb7psCqWDXgV6u4in3d0JeMWB3OFUt7bd7TFCQ1LY8OoNuFg5QcjNlD5ne24V7RMVprHuKYr0-t0Z-Zmp=w90-h90-n-k-no"
"Auberge du moulin","· Restaurant","4,2","(279)","Chéraga","⋅ Ouvre à 18:00","https://ssl.gstatic.com/local/servicebusiness/default_user.png","""Tres beau restaurant, nourriture et service magnifique!!""","https://lh3.googleusercontent.com/p/AF1QipMsumejFhr2lQypc8SAFWtcFu54j62vC64PlrWe=w90-h90-n-k-no"
"Merdouma et grillades chez Ramdane مردومة و شواء","· Restaurant","3,7","(3)","Chéraga","⋅ Ouvre à 17:00","https://ssl.gstatic.com/local/servicebusiness/default_user.png","""Merdouma chez Ramdane""","https://lh3.googleusercontent.com/gps-cs-s/AC9h4noRKDf1ltnPBDd2puA-iX7OmViTiuEhg0AtQ18FkPM4Nt6M3tU6o3ijgCK_o6dw8PsyTOwnAojN9pwWZPgxc7QOXpfI7IEdvOZF8i5WEIVDGPFfUZ73lWRhrGViMIY-01onCPjk=w90-h90-n-k-no"
"l'Entrecôte","· Restaurant","3,9","(38)","Hydra","","","","https://lh3.googleusercontent.com/gps-cs-s/AC9h4nptgP0t39seuDTvhy5772pSGOMTxq1i_k6DjJU9TyInd_xdIwrAG-oBJBc1JHBYCMYxlYQ2LY5Ltcjta5gXu0qWQM0o3qvS1vpI6cG9y6TPX6fsso-QHMBC9gwqG0hwwzHShZ0=w90-h90-n-k-no"
"O'Grill Restaurant","·  · Barbecue","3,3","(35)","Dely Ibrahim","1 000–2 000 DA","https://ssl.gstatic.com/local/servicebusiness/default_user.png","""Incroyablement bon !""","https://lh3.googleusercontent.com/gps-cs-s/AC9h4nqjDNGAWkfqWaClpKy6KjewN2YzdjJLhHM6d787ygK38-fz3mv73q5KgI36Cht2SBz0PDi-kVmQZ6AEJtUTdu4mqn0t6JaAua5ds2bJdHSw31d7cuyu7o5WsXh9hOwQFxZJUNUvKw=w90-h90-n-k-no"
"El-Firma DZ","·  · Barbecue","4,1","(15)","Aïn Benian","1 000–2 000 DA","https://ssl.gstatic.com/local/servicebusiness/default_user.png","""La nourriture est excellente, fraîche et délicieuse.""","https://lh3.googleusercontent.com/p/AF1QipNLgGJFoZ2ZycP3TLkVlb7L0qTOH_TMYjxCySyc=w90-h90-n-k-no"